TEAM,MATCH UP,GAME DATE,W/L,MIN,PTS,FGM,FGA,FG%,3PM,3PA,3P%,FTM,FTA,FT%,OREB,DREB,REB,AST,STL,BLK,TOV,PF,+/-
WAS,WAS vs. HOU,04/09/2023,L,240,109,41,97,42.3,14,45,31.1,13,21,61.9,14,37,51,28,11,5,13,21,-5
ORL,ORL @ MIA,04/09/2023,L,240,110,38,90,42.2,17,47,36.2,17,24,70.8,13,30,43,29,13,1,14,17,-13
ATL,ATL @ BOS,04/09/2023,L,240,114,44,97,45.4,11,39,28.2,15,19,78.9,16,34,50,27,11,5,9,12,-6
BOS,BOS vs. ATL,04/09/2023,W,240,120,42,89,47.2,25,54,46.3,11,14,78.6,12,35,47,33,5,3,15,13,6
MIL,MIL @ TOR,04/09/2023,L,240,105,38,82,46.3,12,34,35.3,17,21,81.0,7,31,38,28,5,2,14,13,-16
CHA,CHA @ CLE,04/09/2023,W,240,106,37,81,45.7,6,32,18.8,26,30,86.7,10,39,49,23,8,5,19,14,11
CLE,CLE vs. CHA,04/09/2023,L,240,95,35,89,39.3,10,37,27.0,15,16,93.8,11,33,44,27,9,5,16,24,-11
TOR,TOR vs. MIL,04/09/2023,W,240,121,48,95,50.5,11,33,33.3,14,16,87.5,7,38,45,29,8,2,9,19,16
DAL,DAL vs. SAS,04/09/2023,L,240,117,46,108,42.6,17,53,32.1,8,16,50.0,8,38,46,28,4,3,4,21,-21
SAS,SAS @ DAL,04/09/2023,W,240,138,51,104,49.0,15,38,39.5,21,30,70.0,13,56,69,31,2,3,12,13,21
OKC,OKC vs. MEM,04/09/2023,W,240,115,45,90,50.0,12,36,33.3,13,16,81.3,8,41,49,30,5,2,16,17,15
MIA,MIA vs. ORL,04/09/2023,W,240,123,45,83,54.2,18,44,40.9,15,20,75.0,7,37,44,30,10,3,18,20,13
HOU,HOU @ WAS,04/09/2023,W,240,114,44,90,48.9,6,21,28.6,20,28,71.4,13,38,51,24,8,6,15,15,5
MEM,MEM @ OKC,04/09/2023,L,240,100,40,92,43.5,7,37,18.9,13,18,72.2,11,32,43,25,8,4,12,16,-15
DEN,DEN vs. SAC,04/09/2023,W,240,109,42,84,50.0,7,28,25.0,18,25,72.0,15,36,51,25,11,2,20,15,14
SAC,SAC @ DEN,04/09/2023,L,240,95,37,85,43.5,11,43,25.6,10,15,66.7,10,24,34,24,7,6,15,18,-14
MIN,MIN vs. NOP,04/09/2023,W,240,113,39,82,47.6,13,36,36.1,22,31,71.0,8,34,42,25,7,8,17,22,5
NOP,NOP @ MIN,04/09/2023,L,240,108,40,90,44.4,3,21,14.3,25,29,86.2,11,38,49,18,13,3,15,24,-5
GSW,GSW @ POR,04/09/2023,W,240,157,58,96,60.4,27,49,55.1,14,16,87.5,9,49,58,47,13,6,16,18,56
POR,POR vs. GSW,04/09/2023,L,240,101,38,95,40.0,9,35,25.7,16,24,66.7,6,24,30,25,5,3,14,9,-56
PHX,PHX vs. LAC,04/09/2023,L,240,114,42,99,42.4,14,37,37.8,16,22,72.7,12,35,47,29,4,3,7,21,-5
LAC,LAC @ PHX,04/09/2023,W,240,119,49,100,49.0,5,23,21.7,16,24,66.7,14,39,53,22,3,5,10,18,5
PHI,PHI @ BKN,04/09/2023,W,240,134,53,101,52.5,14,32,43.8,14,19,73.7,13,37,50,31,10,5,13,23,29
BKN,BKN vs. PHI,04/09/2023,L,240,105,35,83,42.2,12,32,37.5,23,28,82.1,10,32,42,22,6,6,19,22,-29
LAL,LAL vs. UTA,04/09/2023,W,240,128,47,97,48.5,18,45,40.0,16,21,76.2,10,39,49,28,4,7,11,9,11
NYK,NYK vs. IND,04/09/2023,L,240,136,52,108,48.1,15,40,37.5,17,22,77.3,19,34,53,29,8,8,15,24,-5
UTA,UTA @ LAL,04/09/2023,L,240,117,51,101,50.5,10,35,28.6,5,6,83.3,7,38,45,31,4,4,11,16,-11
IND,IND @ NYK,04/09/2023,W,240,141,46,89,51.7,19,34,55.9,30,38,78.9,8,36,44,33,8,9,15,24,5
DET,DET @ CHI,04/09/2023,L,240,81,31,85,36.5,9,33,27.3,10,13,76.9,15,44,59,20,1,3,25,16,-22
CHI,CHI vs. DET,04/09/2023,W,240,103,40,95,42.1,6,30,20.0,17,22,77.3,11,37,48,21,15,7,4,16,22
UTA,UTA vs. DEN,04/08/2023,W,240,118,44,100,44.0,11,35,31.4,19,23,82.6,17,42,59,30,9,2,16,18,4
DEN,DEN @ UTA,04/08/2023,L,240,114,41,90,45.6,15,46,32.6,17,24,70.8,5,36,41,32,7,9,14,20,-4
LAC,LAC vs. POR,04/08/2023,W,240,136,49,93,52.7,12,35,34.3,26,30,86.7,13,38,51,30,7,5,12,17,11
POR,POR @ LAC,04/08/2023,L,240,125,47,89,52.8,14,32,43.8,17,23,73.9,7,27,34,32,8,4,10,20,-11
SAS,SAS vs. MIN,04/08/2023,L,240,131,50,95,52.6,13,29,44.8,18,24,75.0,10,35,45,34,5,4,13,16,-20
MIN,MIN @ SAS,04/08/2023,W,240,151,56,101,55.4,24,43,55.8,15,21,71.4,11,34,45,42,8,8,7,18,20
SAC,SAC vs. GSW,04/07/2023,L,240,97,38,98,38.8,11,39,28.2,10,18,55.6,18,22,40,24,10,3,12,16,-22
CHA,CHA vs. HOU,04/07/2023,L,240,109,38,88,43.2,13,41,31.7,20,27,74.1,7,34,41,22,10,9,17,21,-3
HOU,HOU @ CHA,04/07/2023,W,240,112,42,89,47.2,7,21,33.3,21,28,75.0,14,34,48,21,11,9,19,23,3
DET,DET @ IND,04/07/2023,W,240,122,44,90,48.9,13,31,41.9,21,26,80.8,10,32,42,24,12,6,13,24,7
IND,IND vs. DET,04/07/2023,L,240,115,41,83,49.4,11,31,35.5,22,28,78.6,9,33,42,29,7,3,19,22,-7
WAS,WAS vs. MIA,04/07/2023,W,240,114,39,84,46.4,7,33,21.2,29,37,78.4,12,38,50,23,4,3,17,18,6
MIA,MIA @ WAS,04/07/2023,L,240,108,43,98,43.9,15,47,31.9,7,12,58.3,14,33,47,26,7,4,16,29,-6
PHI,PHI @ ATL,04/07/2023,W,265,136,51,102,50.0,11,22,50.0,23,29,79.3,13,39,52,33,10,2,20,22,5
ATL,ATL vs. PHI,04/07/2023,L,265,131,51,92,55.4,10,33,30.3,19,28,67.9,4,34,38,32,11,7,21,19,-5
MIL,MIL vs. MEM,04/07/2023,L,240,114,42,92,45.7,21,49,42.9,9,11,81.8,11,27,38,30,5,3,19,15,-23
BOS,BOS vs. TOR,04/07/2023,W,240,121,45,81,55.6,15,44,34.1,16,21,76.2,13,40,53,37,4,7,21,14,19
TOR,TOR @ BOS,04/07/2023,L,240,102,40,93,43.0,9,31,29.0,13,17,76.5,12,23,35,21,12,2,8,17,-19
ORL,ORL @ BKN,04/07/2023,L,240,84,31,87,35.6,7,38,18.4,15,17,88.2,15,42,57,17,6,6,21,19,-17
BKN,BKN vs. ORL,04/07/2023,W,240,101,35,89,39.3,9,42,21.4,22,25,88.0,10,35,45,27,14,3,10,12,17
MEM,MEM @ MIL,04/07/2023,W,240,137,53,93,57.0,20,42,47.6,11,15,73.3,11,33,44,39,9,6,12,20,23
NOP,NOP vs. NYK,04/07/2023,W,240,113,42,79,53.2,10,28,35.7,19,20,95.0,4,39,43,27,4,7,12,17,8
NYK,NYK @ NOP,04/07/2023,L,240,105,38,88,43.2,14,43,32.6,15,20,75.0,7,30,37,19,5,2,10,17,-8
DAL,DAL vs. CHI,04/07/2023,L,240,112,42,93,45.2,18,55,32.7,10,13,76.9,7,36,43,23,7,3,10,15,-3
CHI,CHI @ DAL,04/07/2023,W,240,115,46,88,52.3,11,31,35.5,12,18,66.7,8,42,50,24,6,4,12,15,3
PHX,PHX @ LAL,04/07/2023,L,240,107,43,104,41.3,9,36,25.0,12,14,85.7,13,34,47,23,7,10,9,12,-14
LAL,LAL vs. PHX,04/07/2023,W,240,121,45,92,48.9,18,36,50.0,13,17,76.5,10,44,54,25,6,6,16,12,14
GSW,GSW @ SAC,04/07/2023,W,240,119,41,78,52.6,16,36,44.4,21,24,87.5,10,37,47,36,6,7,24,22,22
OKC,OKC @ UTA,04/06/2023,W,240,114,39,97,40.2,15,45,33.3,21,26,80.8,17,33,50,29,12,2,13,17,16
UTA,UTA vs. OKC,04/06/2023,L,240,98,41,83,49.4,5,31,16.1,11,16,68.8,7,38,45,24,5,2,19,23,-16
ORL,ORL vs. CLE,04/06/2023,L,240,94,33,83,39.8,13,39,33.3,15,19,78.9,9,30,39,21,8,8,22,11,-24
CLE,CLE @ ORL,04/06/2023,W,240,118,46,88,52.3,18,38,47.4,8,9,88.9,9,33,42,31,13,7,17,21,24
MIA,MIA @ PHI,04/06/2023,W,240,129,49,88,55.7,18,39,46.2,13,15,86.7,10,32,42,39,3,0,11,13,28
PHI,PHI vs. MIA,04/06/2023,L,240,101,39,76,51.3,10,36,27.8,13,15,86.7,3,29,32,23,7,4,17,18,-28
POR,POR @ SAS,04/06/2023,L,240,127,51,96,53.1,10,28,35.7,15,18,83.3,8,28,36,34,7,14,16,22,-2
DEN,DEN @ PHX,04/06/2023,L,240,115,44,83,53.0,8,23,34.8,19,23,82.6,9,29,38,24,7,2,13,19,-4
PHX,PHX vs. DEN,04/06/2023,W,240,119,41,79,51.9,17,36,47.2,20,25,80.0,7,26,33,26,4,6,10,16,4
SAS,SAS vs. POR,04/06/2023,W,240,129,47,106,44.3,10,35,28.6,25,28,89.3,18,29,47,29,9,4,15,12,2
LAC,LAC vs. LAL,04/05/2023,W,240,125,43,82,52.4,16,36,44.4,23,27,85.2,5,33,38,23,9,4,13,18,7
LAL,LAL @ LAC,04/05/2023,L,240,118,45,89,50.6,12,29,41.4,16,24,66.7,10,34,44,27,4,3,14,17,-7
SAC,SAC @ DAL,04/05/2023,L,240,119,46,106,43.4,12,37,32.4,15,19,78.9,22,35,57,31,7,1,9,19,-4
DAL,DAL vs. SAC,04/05/2023,W,240,123,44,89,49.4,20,44,45.5,15,18,83.3,7,32,39,24,4,7,10,18,4
NOP,NOP vs. MEM,04/05/2023,W,265,138,44,88,50.0,21,39,53.8,29,39,74.4,8,36,44,35,9,8,16,22,7
MEM,MEM @ NOP,04/05/2023,L,265,131,50,104,48.1,12,36,33.3,19,25,76.0,15,34,49,33,10,6,14,25,-7
CHI,CHI @ MIL,04/05/2023,L,240,92,36,83,43.4,11,33,33.3,9,11,81.8,5,33,38,28,10,3,15,11,-13
BKN,BKN @ DET,04/05/2023,W,240,123,45,86,52.3,17,43,39.5,16,23,69.6,11,27,38,36,6,7,13,12,15
NYK,NYK @ IND,04/05/2023,W,240,138,52,100,52.0,18,46,39.1,16,25,64.0,20,32,52,34,13,8,18,21,9
BOS,BOS vs. TOR,04/05/2023,W,240,97,38,89,42.7,11,38,28.9,10,18,55.6,11,37,48,20,5,7,15,14,4
TOR,TOR @ BOS,04/05/2023,L,240,93,37,90,41.1,6,33,18.2,13,17,76.5,13,37,50,20,10,7,12,19,-4
IND,IND vs. NYK,04/05/2023,L,240,129,45,87,51.7,15,30,50.0,24,30,80.0,10,27,37,33,6,5,17,17,-9
WAS,WAS @ ATL,04/05/2023,L,240,116,45,94,47.9,6,28,21.4,20,26,76.9,12,27,39,23,10,9,14,26,-18
MIL,MIL vs. CHI,04/05/2023,W,240,105,39,92,42.4,18,46,39.1,9,11,81.8,13,40,53,26,7,3,13,13,13
ATL,ATL vs. WAS,04/05/2023,W,240,134,43,84,51.2,13,30,43.3,35,40,87.5,12,36,48,30,10,5,17,23,18
DET,DET vs. BKN,04/05/2023,L,240,108,41,84,48.8,13,28,46.4,13,14,92.9,9,25,34,27,5,3,14,18,-15
DET,DET vs. MIA,04/04/2023,L,240,105,36,73,49.3,11,28,39.3,22,27,81.5,6,29,35,21,5,2,14,22,-13
MIA,MIA @ DET,04/04/2023,W,240,118,41,80,51.3,13,36,36.1,23,26,88.5,5,28,33,26,12,2,8,18,13
ORL,ORL vs. CLE,04/04/2023,L,240,113,45,89,50.6,10,23,43.5,13,17,76.5,13,34,47,25,6,1,13,22,-4
CLE,CLE @ ORL,04/04/2023,W,240,117,42,84,50.0,15,31,48.4,18,20,90.0,5,25,30,23,3,7,9,16,4
WAS,WAS vs. MIL,04/04/2023,L,240,128,50,99,50.5,13,27,48.1,15,21,71.4,9,33,42,30,7,4,9,21,-12
MIL,MIL @ WAS,04/04/2023,W,240,140,50,92,54.3,23,42,54.8,17,29,58.6,12,44,56,33,6,7,18,19,12
MIN,MIN @ BKN,04/04/2023,W,240,107,41,85,48.2,8,24,33.3,17,22,77.3,7,37,44,21,7,6,12,13,5
BKN,BKN vs. MIN,04/04/2023,L,240,102,39,90,43.3,13,35,37.1,11,14,78.6,7,33,40,21,6,8,10,18,-5
DEN,DEN @ HOU,04/04/2023,L,240,103,41,87,47.1,11,36,30.6,10,18,55.6,13,34,47,26,9,13,20,18,-21
HOU,HOU vs. DEN,04/04/2023,W,240,124,47,102,46.1,12,31,38.7,18,24,75.0,20,35,55,23,12,3,13,16,21
BOS,BOS @ PHI,04/04/2023,L,240,101,38,91,41.8,15,45,33.3,10,16,62.5,13,30,43,28,4,4,8,17,-2
PHI,PHI vs. BOS,04/04/2023,W,240,103,39,78,50.0,11,29,37.9,14,16,87.5,6,31,37,21,3,7,12,21,2
MEM,MEM vs. POR,04/04/2023,W,240,119,42,87,48.3,18,48,37.5,17,22,77.3,8,41,49,30,5,5,12,10,10
POR,POR @ MEM,04/04/2023,L,240,109,42,97,43.3,14,42,33.3,11,17,64.7,13,36,49,23,7,7,10,18,-10
SAC,SAC @ NOP,04/04/2023,W,240,121,46,91,50.5,17,42,40.5,12,15,80.0,11,32,43,35,8,4,12,22,18
NOP,NOP vs. SAC,04/04/2023,L,240,103,37,84,44.0,7,20,35.0,22,27,81.5,9,28,37,20,6,4,14,14,-18
OKC,OKC @ GSW,04/04/2023,L,240,125,44,93,47.3,11,32,34.4,26,35,74.3,13,25,38,23,4,1,10,22,-11
GSW,GSW vs. OKC,04/04/2023,W,240,136,47,95,49.5,20,47,42.6,22,30,73.3,19,35,54,25,6,6,14,22,11
SAS,SAS @ PHX,04/04/2023,L,240,94,35,90,38.9,13,40,32.5,11,14,78.6,9,29,38,25,7,5,12,16,-21
TOR,TOR @ CHA,04/04/2023,W,240,120,42,88,47.7,15,33,45.5,21,28,75.0,10,31,41,27,13,7,7,18,20
CHA,CHA vs. TOR,04/04/2023,L,240,100,36,77,46.8,12,31,38.7,16,19,84.2,6,36,42,27,3,4,18,22,-20
PHX,PHX vs. SAS,04/04/2023,W,240,115,43,89,48.3,10,33,30.3,19,26,73.1,15,42,57,25,7,7,14,12,21
LAL,LAL @ UTA,04/04/2023,W,265,135,48,96,50.0,12,34,35.3,27,35,77.1,11,33,44,27,6,7,12,21,2
UTA,UTA vs. LAL,04/04/2023,L,265,133,47,90,52.2,15,33,45.5,24,31,77.4,6,35,41,29,4,3,14,28,-2
CHI,CHI vs. ATL,04/04/2023,L,240,105,41,89,46.1,7,31,22.6,16,20,80.0,6,26,32,16,8,6,8,18,-18
CHA,CHA vs. TOR,04/02/2023,L,240,108,42,85,49.4,15,31,48.4,9,13,69.2,10,27,37,26,3,4,18,11,-20
TOR,TOR @ CHA,04/02/2023,W,240,128,56,104,53.8,8,28,28.6,8,8,100,15,30,45,38,8,6,8,14,20
HOU,HOU vs. LAL,04/02/2023,L,240,109,44,102,43.1,13,34,38.2,8,10,80.0,16,28,44,23,4,4,10,18,-25
LAL,LAL @ HOU,04/02/2023,W,240,134,52,93,55.9,9,30,30.0,21,28,75.0,11,40,51,36,4,8,6,9,25
DAL,DAL @ ATL,04/02/2023,L,265,130,49,95,51.6,10,38,26.3,22,32,68.8,10,37,47,24,4,3,14,15,-2
ATL,ATL vs. DAL,04/02/2023,W,265,132,51,108,47.2,12,35,34.3,18,22,81.8,16,37,53,28,10,3,11,22,2
IND,IND @ CLE,04/02/2023,L,240,105,36,83,43.4,9,24,37.5,24,29,82.8,11,33,44,21,5,6,17,26,-10
WAS,WAS @ NYK,04/02/2023,L,240,109,39,79,49.4,16,37,43.2,15,18,83.3,5,33,38,26,9,5,19,18,-9
NYK,NYK vs. WAS,04/02/2023,W,240,118,46,88,52.3,13,32,40.6,13,18,72.2,7,32,39,31,12,4,12,17,9
DET,DET @ ORL,04/02/2023,L,240,102,32,78,41.0,9,33,27.3,29,36,80.6,9,29,38,22,4,1,16,29,-26
ORL,ORL vs. DET,04/02/2023,W,240,128,43,75,57.3,17,33,51.5,25,40,62.5,7,34,41,30,11,6,16,26,26
BKN,BKN vs. UTA,04/02/2023,W,240,111,38,86,44.2,9,32,28.1,26,34,76.5,7,33,40,25,6,2,9,26,1
UTA,UTA @ BKN,04/02/2023,L,240,110,40,91,44.0,8,32,25.0,22,30,73.3,11,41,52,24,5,1,11,23,-1
POR,POR @ MIN,04/02/2023,W,240,107,43,93,46.2,9,30,30.0,12,20,60.0,11,31,42,29,12,3,10,26,2
MIN,MIN vs. POR,04/02/2023,L,240,105,38,79,48.1,11,26,42.3,18,23,78.3,7,40,47,29,3,5,18,17,-2
SAS,SAS @ SAC,04/02/2023,W,265,142,52,98,53.1,13,34,38.2,25,29,86.2,14,38,52,31,8,3,18,25,8
SAC,SAC vs. SAS,04/02/2023,L,265,134,49,103,47.6,11,44,25.0,25,32,78.1,13,30,43,24,9,5,15,23,-8
CHI,CHI vs. MEM,04/02/2023,W,240,128,50,94,53.2,9,31,29.0,19,22,86.4,4,32,36,29,9,6,3,13,21
MEM,MEM @ CHI,04/02/2023,L,240,107,39,84,46.4,19,43,44.2,10,12,83.3,8,39,47,29,1,3,18,22,-21
PHI,PHI @ MIL,04/02/2023,L,240,104,40,87,46.0,12,36,33.3,12,13,92.3,11,25,36,19,3,2,11,17,-13
MIL,MIL vs. PHI,04/02/2023,W,240,117,46,80,57.5,10,28,35.7,15,21,71.4,7,35,42,28,8,5,12,17,13
CLE,CLE vs. IND,04/02/2023,W,240,115,44,90,48.9,9,24,37.5,18,26,69.2,13,30,43,23,7,7,13,22,10
DEN,DEN vs. GSW,04/02/2023,W,240,112,44,100,44.0,9,33,27.3,15,18,83.3,17,30,47,24,11,7,13,17,2
GSW,GSW @ DEN,04/02/2023,L,240,110,42,105,40.0,9,42,21.4,17,17,100,22,35,57,26,9,4,15,22,-2
OKC,OKC vs. PHX,04/02/2023,L,240,118,36,88,40.9,11,32,34.4,35,41,85.4,13,28,41,21,7,0,8,23,-10
PHX,PHX @ OKC,04/02/2023,W,240,128,46,81,56.8,13,34,38.2,23,28,82.1,5,33,38,31,4,6,13,30,10
DAL,DAL @ MIA,04/01/2023,L,240,122,47,77,61.0,14,34,41.2,14,16,87.5,1,30,31,32,3,2,14,23,-7
MIA,MIA vs. DAL,04/01/2023,W,240,129,45,86,52.3,13,37,35.1,26,29,89.7,10,26,36,27,6,0,11,16,7
NOP,NOP vs. LAC,04/01/2023,W,240,122,42,86,48.8,7,17,41.2,31,35,88.6,14,26,40,21,6,5,7,15,8
LAC,LAC @ NOP,04/01/2023,L,240,114,42,85,49.4,11,29,37.9,19,23,82.6,11,26,37,25,5,4,13,29,-8
UTA,UTA @ BOS,03/31/2023,L,240,114,46,96,47.9,9,29,31.0,13,14,92.9,13,39,52,23,3,7,18,17,-8
OKC,OKC @ IND,03/31/2023,L,240,117,42,88,47.7,4,30,13.3,29,34,85.3,11,34,45,21,10,3,11,24,-4
DEN,DEN @ PHX,03/31/2023,L,240,93,38,95,40.0,6,26,23.1,11,20,55.0,15,36,51,19,11,5,11,16,-7
PHX,PHX vs. DEN,03/31/2023,W,240,100,37,88,42.0,10,27,37.0,16,21,76.2,13,38,51,28,8,7,16,16,7
IND,IND vs. OKC,03/31/2023,W,240,121,45,98,45.9,12,41,29.3,19,28,67.9,20,36,56,30,5,4,16,21,4
LAL,LAL @ MIN,03/31/2023,W,240,123,45,90,50.0,9,22,40.9,24,30,80.0,15,38,53,28,10,5,16,17,12
BOS,BOS vs. UTA,03/31/2023,W,240,122,42,96,43.8,17,51,33.3,21,22,95.5,10,32,42,27,8,4,12,14,8
BKN,BKN vs. ATL,03/31/2023,W,240,124,49,88,55.7,15,33,45.5,11,13,84.6,9,32,41,33,9,3,13,17,17
ATL,ATL @ BKN,03/31/2023,L,240,107,39,91,42.9,8,37,21.6,21,23,91.3,16,30,46,23,6,3,11,14,-17
CLE,CLE vs. NYK,03/31/2023,L,240,116,44,86,51.2,17,37,45.9,11,13,84.6,3,30,33,33,2,9,10,21,-14
CHI,CHI @ CHA,03/31/2023,W,240,121,45,88,51.1,13,31,41.9,18,22,81.8,9,33,42,25,12,4,7,13,30
GSW,GSW vs. SAS,03/31/2023,W,240,130,47,93,50.5,21,49,42.9,15,21,71.4,14,31,45,37,5,4,15,18,15
SAS,SAS @ GSW,03/31/2023,L,240,115,42,91,46.2,15,38,39.5,16,23,69.6,14,32,46,27,8,4,15,20,-15
SAC,SAC @ POR,03/31/2023,W,240,138,54,88,61.4,19,39,48.7,11,15,73.3,8,33,41,38,11,7,13,21,24
POR,POR vs. SAC,03/31/2023,L,240,114,40,85,47.1,19,38,50.0,15,23,65.2,9,24,33,29,9,6,20,15,-24
MIN,MIN vs. LAL,03/31/2023,L,240,111,41,95,43.2,13,39,33.3,16,19,84.2,12,27,39,25,10,4,16,22,-12
CHA,CHA vs. CHI,03/31/2023,L,240,91,35,77,45.5,14,37,37.8,7,10,70.0,4,32,36,27,3,5,22,21,-30
HOU,HOU vs. DET,03/31/2023,W,240,121,38,83,45.8,11,31,35.5,34,45,75.6,14,32,46,18,9,5,12,24,6
DET,DET @ HOU,03/31/2023,L,240,115,43,89,48.3,11,35,31.4,18,27,66.7,13,27,40,24,7,7,12,28,-6
LAC,LAC @ MEM,03/31/2023,L,240,94,34,90,37.8,11,35,31.4,15,18,83.3,12,38,50,26,5,8,18,14,-14
NYK,NYK @ CLE,03/31/2023,W,240,130,49,93,52.7,17,36,47.2,15,24,62.5,16,32,48,24,6,5,10,12,14
MEM,MEM vs. LAC,03/31/2023,W,240,108,43,96,44.8,9,33,27.3,13,17,76.5,12,39,51,25,11,7,15,16,14
ORL,ORL @ WAS,03/31/2023,W,240,116,44,88,50.0,8,24,33.3,20,26,76.9,6,42,48,26,2,14,11,16,7
WAS,WAS vs. ORL,03/31/2023,L,240,109,41,105,39.0,17,50,34.0,10,12,83.3,15,36,51,24,5,5,13,24,-7
PHI,PHI vs. TOR,03/31/2023,W,240,117,41,73,56.2,12,31,38.7,23,25,92.0,9,28,37,28,7,6,18,20,7
TOR,TOR @ PHI,03/31/2023,L,240,110,42,84,50.0,8,26,30.8,18,23,78.3,14,20,34,26,6,3,13,19,-7
DEN,DEN vs. NOP,03/30/2023,L,240,88,32,80,40.0,4,28,14.3,20,32,62.5,11,29,40,21,4,5,10,21,-19
NOP,NOP @ DEN,03/30/2023,W,240,107,38,80,47.5,13,27,48.1,18,22,81.8,8,38,46,22,6,1,12,24,19
BOS,BOS vs. MIL,03/30/2023,W,240,140,51,91,56.0,22,43,51.2,16,20,80.0,7,40,47,28,8,5,9,18,41
MIL,MIL vs. BOS,03/30/2023,L,240,99,38,101,37.6,14,43,32.6,9,13,69.2,15,30,45,22,4,1,13,16,-41
OKC,OKC vs. DET,03/29/2023,W,240,107,39,87,44.8,10,29,34.5,19,25,76.0,10,28,38,19,7,3,10,18,1
DET,DET @ OKC,03/29/2023,L,240,106,40,80,50.0,16,33,48.5,10,14,71.4,10,32,42,27,1,3,18,22,-1
DAL,DAL @ PHI,03/29/2023,L,240,108,38,83,45.8,18,46,39.1,14,18,77.8,8,32,40,24,3,3,14,22,-8
PHI,PHI vs. DAL,03/29/2023,W,240,116,37,80,46.3,17,36,47.2,25,30,83.3,11,32,43,26,9,4,11,19,8
UTA,UTA @ SAS,03/29/2023,W,240,128,49,90,54.4,12,31,38.7,18,20,90.0,8,37,45,28,5,6,16,17,11
SAS,SAS vs. UTA,03/29/2023,L,240,117,45,95,47.4,10,35,28.6,17,21,81.0,9,30,39,31,10,4,15,16,-11
MEM,MEM vs. LAC,03/29/2023,L,240,132,49,95,51.6,11,32,34.4,23,28,82.1,14,31,45,26,8,4,13,20,-9
LAC,LAC @ MEM,03/29/2023,W,240,141,48,78,61.5,22,37,59.5,23,31,74.2,3,29,32,28,8,4,16,21,9
NYK,NYK vs. MIA,03/29/2023,W,240,101,38,76,50.0,13,31,41.9,12,23,52.2,9,38,47,22,8,3,16,14,9
MIA,MIA @ NYK,03/29/2023,L,240,92,35,79,44.3,13,39,33.3,9,14,64.3,6,29,35,20,5,0,11,18,-9
HOU,HOU @ BKN,03/29/2023,L,240,114,46,98,46.9,9,30,30.0,13,21,61.9,20,32,52,21,9,2,10,18,-9
MIN,MIN @ PHX,03/29/2023,L,240,100,40,90,44.4,12,35,34.3,8,12,66.7,16,38,54,24,4,4,21,24,-7
PHX,PHX vs. MIN,03/29/2023,W,240,107,40,96,41.7,6,20,30.0,21,27,77.8,15,33,48,23,11,8,8,16,7
POR,POR vs. SAC,03/29/2023,L,240,80,30,93,32.3,9,39,23.1,11,12,91.7,8,37,45,18,5,6,14,15,-40
BKN,BKN vs. HOU,03/29/2023,W,240,123,44,82,53.7,17,35,48.6,18,27,66.7,8,33,41,33,4,9,12,18,9
SAC,SAC @ POR,03/29/2023,W,240,120,42,92,45.7,18,48,37.5,18,24,75.0,10,49,59,30,9,4,10,11,40
CHI,CHI vs. LAL,03/29/2023,L,240,110,45,88,51.1,9,33,27.3,11,13,84.6,6,26,32,31,10,4,14,22,-11
LAL,LAL @ CHI,03/29/2023,W,240,121,45,86,52.3,7,20,35.0,24,30,80.0,13,32,45,22,10,3,16,14,11
MIL,MIL @ IND,03/29/2023,W,240,149,58,93,62.4,10,25,40.0,23,30,76.7,14,38,52,28,5,5,19,18,13
IND,IND vs. MIL,03/29/2023,L,240,136,53,101,52.5,14,30,46.7,16,22,72.7,10,19,29,36,9,4,8,25,-13
MIA,MIA @ TOR,03/28/2023,L,240,92,32,80,40.0,10,33,30.3,18,19,94.7,12,31,43,18,6,3,16,10,-14
CLE,CLE @ ATL,03/28/2023,L,240,118,47,93,50.5,9,25,36.0,15,22,68.2,10,30,40,20,5,6,8,24,-2
ATL,ATL vs. CLE,03/28/2023,W,240,120,41,89,46.1,12,27,44.4,26,33,78.8,14,37,51,25,5,3,15,16,2
OKC,OKC vs. CHA,03/28/2023,L,240,134,50,96,52.1,11,30,36.7,23,29,79.3,7,32,39,25,11,3,11,21,-3
CHA,CHA @ OKC,03/28/2023,W,240,137,52,94,55.3,14,35,40.0,19,30,63.3,15,37,52,34,6,7,18,24,3
ORL,ORL @ MEM,03/28/2023,L,240,108,41,100,41.0,14,49,28.6,12,15,80.0,8,39,47,24,9,8,16,15,-5
MEM,MEM vs. ORL,03/28/2023,W,240,113,42,88,47.7,12,34,35.3,17,23,73.9,7,42,49,26,11,6,17,17,5
BOS,BOS @ WAS,03/28/2023,L,240,111,45,93,48.4,11,44,25.0,10,11,90.9,7,31,38,29,5,8,12,14,-19
WAS,WAS vs. BOS,03/28/2023,W,240,130,54,99,54.5,13,37,35.1,9,13,69.2,6,37,43,33,7,3,11,13,19
GSW,GSW vs. NOP,03/28/2023,W,240,120,43,82,52.4,18,40,45.0,16,22,72.7,11,30,41,32,11,4,19,18,11
NOP,NOP @ GSW,03/28/2023,L,240,109,42,90,46.7,12,27,44.4,13,14,92.9,11,30,41,30,6,4,19,18,-11
TOR,TOR vs. MIA,03/28/2023,W,240,106,45,93,48.4,8,36,22.2,8,9,88.9,15,32,47,32,8,7,9,13,14
MIN,MIN @ SAC,03/27/2023,W,240,119,44,86,51.2,9,24,37.5,22,34,64.7,11,29,40,33,6,3,6,27,4
SAC,SAC vs. MIN,03/27/2023,L,240,115,39,84,46.4,5,27,18.5,32,40,80.0,12,30,42,16,4,4,10,23,-4
LAC,LAC vs. CHI,03/27/2023,W,240,124,48,81,59.3,20,40,50.0,8,16,50.0,6,31,37,41,10,4,18,17,12
CHI,CHI @ LAC,03/27/2023,L,240,112,44,82,53.7,9,23,39.1,15,21,71.4,8,26,34,26,9,3,15,11,-12
POR,POR vs. NOP,03/27/2023,L,240,90,35,90,38.9,7,33,21.2,13,15,86.7,6,23,29,15,6,2,12,16,-34
NOP,NOP @ POR,03/27/2023,W,240,124,49,86,57.0,12,28,42.9,14,17,82.4,8,45,53,31,5,6,17,16,34
PHI,PHI @ DEN,03/27/2023,L,240,111,43,89,48.3,8,30,26.7,17,22,77.3,11,29,40,18,10,3,11,20,-5
DEN,DEN vs. PHI,03/27/2023,W,240,116,43,85,50.6,11,32,34.4,19,22,86.4,10,32,42,34,8,4,12,16,5
UTA,UTA vs. PHX,03/27/2023,L,240,103,38,86,44.2,9,36,25.0,18,27,66.7,10,37,47,25,2,7,13,19,-14
PHX,PHX @ UTA,03/27/2023,W,240,117,43,101,42.6,11,36,30.6,20,22,90.9,18,31,49,31,7,7,7,20,14
HOU,HOU @ NYK,03/27/2023,L,240,115,42,87,48.3,7,26,26.9,24,29,82.8,13,27,40,24,6,4,14,18,-22
DAL,DAL @ IND,03/27/2023,W,240,127,47,83,56.6,18,37,48.6,15,17,88.2,4,29,33,29,7,8,13,23,23
IND,IND vs. DAL,03/27/2023,L,240,104,39,93,41.9,8,28,28.6,18,23,78.3,14,29,43,20,6,3,14,19,-23
DET,DET vs. MIL,03/27/2023,L,240,117,41,92,44.6,7,24,29.2,28,36,77.8,14,33,47,22,5,0,10,20,-9
MIL,MIL @ DET,03/27/2023,W,240,126,45,95,47.4,14,45,31.1,22,26,84.6,15,35,50,28,5,4,9,23,9
NYK,NYK vs. HOU,03/27/2023,W,240,137,50,86,58.1,17,39,43.6,20,28,71.4,7,32,39,35,11,8,11,20,22
BOS,BOS vs. SAS,03/26/2023,W,240,137,52,91,57.1,18,44,40.9,15,21,71.4,9,52,61,29,4,11,15,18,44
POR,POR vs. OKC,03/26/2023,L,240,112,39,82,47.6,14,32,43.8,20,27,74.1,8,29,37,18,5,7,18,22,-6
OKC,OKC @ POR,03/26/2023,W,240,118,41,94,43.6,12,35,34.3,24,28,85.7,13,29,42,23,13,2,11,19,6
ORL,ORL vs. BKN,03/26/2023,W,240,119,45,85,52.9,7,22,31.8,22,28,78.6,9,38,47,30,7,3,11,21,13
BKN,BKN @ ORL,03/26/2023,L,240,106,37,91,40.7,8,35,22.9,24,28,85.7,15,29,44,17,7,8,15,20,-13
MEM,MEM @ ATL,03/26/2023,W,240,123,48,89,53.9,13,33,39.4,14,19,73.7,6,33,39,28,8,7,11,22,4
ATL,ATL vs. MEM,03/26/2023,L,240,119,45,98,45.9,7,31,22.6,22,26,84.6,14,34,48,27,4,5,10,15,-4
GSW,GSW vs. MIN,03/26/2023,L,240,96,34,82,41.5,15,40,37.5,13,17,76.5,6,31,37,25,9,2,16,19,-3
MIN,MIN @ GSW,03/26/2023,W,240,99,34,80,42.5,17,40,42.5,14,25,56.0,9,40,49,25,10,2,17,20,3
SAS,SAS @ BOS,03/26/2023,L,240,93,36,97,37.1,8,36,22.2,13,18,72.2,3,35,38,22,7,0,10,16,-44
CLE,CLE vs. HOU,03/26/2023,W,240,108,39,83,47.0,9,30,30.0,21,24,87.5,13,28,41,20,5,7,11,16,17
HOU,HOU @ CLE,03/26/2023,L,240,91,35,80,43.8,6,25,24.0,15,18,83.3,12,24,36,20,6,1,19,22,-17
TOR,TOR vs. WAS,03/26/2023,W,240,114,45,98,45.9,11,31,35.5,13,16,81.3,18,35,53,22,13,6,13,19,10
DAL,DAL @ CHA,03/26/2023,L,240,104,32,84,38.1,19,49,38.8,21,22,95.5,3,34,37,18,8,7,8,24,-6
CHI,CHI @ LAL,03/26/2023,W,240,118,47,87,54.0,14,31,45.2,10,13,76.9,8,34,42,32,8,2,9,23,10
LAL,LAL vs. CHI,03/26/2023,L,240,108,38,75,50.7,13,36,36.1,19,28,67.9,8,30,38,24,5,4,18,18,-10
CHA,CHA vs. DAL,03/26/2023,W,240,110,39,88,44.3,12,29,41.4,20,24,83.3,14,44,58,27,6,2,14,18,6
WAS,WAS @ TOR,03/26/2023,L,240,104,38,86,44.2,16,36,44.4,12,20,60.0,12,33,45,25,6,2,18,12,-10
NOP,NOP @ LAC,03/25/2023,W,240,131,51,96,53.1,21,34,61.8,8,9,88.9,12,33,45,36,11,3,16,21,21
LAC,LAC vs. NOP,03/25/2023,L,240,110,39,75,52.0,15,33,45.5,17,21,81.0,2,29,31,29,9,6,20,14,-21
PHI,PHI @ PHX,03/25/2023,L,240,105,34,78,43.6,13,31,41.9,24,27,88.9,8,28,36,21,3,7,13,16,-20
SAC,SAC vs. UTA,03/25/2023,W,240,121,44,95,46.3,16,43,37.2,17,21,81.0,14,28,42,30,11,1,9,13,8
UTA,UTA @ SAC,03/25/2023,L,240,113,47,91,51.6,9,28,32.1,10,16,62.5,11,34,45,30,3,7,17,14,-8
MIA,MIA vs. BKN,03/25/2023,L,240,100,38,80,47.5,12,30,40.0,12,14,85.7,8,24,32,22,5,4,14,19,-29
IND,IND @ ATL,03/25/2023,L,240,130,52,96,54.2,14,37,37.8,12,12,100,10,22,32,33,7,7,17,18,-13
ATL,ATL vs. IND,03/25/2023,W,240,143,53,96,55.2,15,30,50.0,22,25,88.0,15,27,42,33,10,8,13,14,13
BKN,BKN @ MIA,03/25/2023,W,240,129,44,89,49.4,18,40,45.0,23,25,92.0,17,28,45,30,6,6,8,18,29
PHX,PHX vs. PHI,03/25/2023,W,240,125,47,93,50.5,15,32,46.9,16,19,84.2,13,32,45,35,4,9,8,22,20
MIL,MIL @ DEN,03/25/2023,L,240,106,39,88,44.3,9,36,25.0,19,21,90.5,4,36,40,26,7,2,10,19,-23
DEN,DEN vs. MIL,03/25/2023,W,240,129,47,89,52.8,15,36,41.7,20,28,71.4,7,41,48,28,4,3,12,18,23
GSW,GSW vs. PHI,03/24/2023,W,240,120,42,88,47.7,18,50,36.0,18,24,75.0,10,39,49,27,3,0,11,21,8
PHI,PHI @ GSW,03/24/2023,L,240,112,38,78,48.7,8,29,27.6,28,34,82.4,4,34,38,23,8,1,10,20,-8
CHI,CHI @ POR,03/24/2023,W,240,124,48,84,57.1,17,28,60.7,11,14,78.6,11,36,47,33,6,8,17,19,28
MIL,MIL @ UTA,03/24/2023,W,240,144,55,99,55.6,22,50,44.0,12,16,75.0,9,41,50,42,6,11,13,20,28
UTA,UTA vs. MIL,03/24/2023,L,240,116,40,104,38.5,11,40,27.5,25,34,73.5,20,31,51,28,6,5,11,15,-28
SAS,SAS @ WAS,03/24/2023,L,240,124,51,101,50.5,13,38,34.2,9,15,60.0,11,30,41,35,4,4,5,21,-12
OKC,OKC @ LAL,03/24/2023,L,240,111,40,92,43.5,14,36,38.9,17,19,89.5,12,33,45,21,6,5,10,19,-5
LAL,LAL vs. OKC,03/24/2023,W,240,116,42,91,46.2,12,34,35.3,20,28,71.4,16,37,53,20,9,4,11,14,5
WAS,WAS vs. SAS,03/24/2023,W,240,136,51,85,60.0,15,30,50.0,19,26,73.1,6,37,43,29,3,8,10,16,12
BOS,BOS vs. IND,03/24/2023,W,240,120,44,93,47.3,18,42,42.9,14,19,73.7,9,40,49,28,11,6,15,15,25
IND,IND @ BOS,03/24/2023,L,240,95,39,84,46.4,4,26,15.4,13,22,59.1,6,38,44,24,9,4,17,16,-25
POR,POR vs. CHI,03/24/2023,L,240,96,37,86,43.0,6,31,19.4,16,18,88.9,8,23,31,23,10,5,14,14,-28
DET,DET @ TOR,03/24/2023,L,240,97,34,73,46.6,6,25,24.0,23,30,76.7,8,31,39,23,8,4,22,18,-21
TOR,TOR vs. DET,03/24/2023,W,240,118,41,92,44.6,13,37,35.1,23,29,79.3,15,31,46,25,12,9,11,24,21
MEM,MEM vs. HOU,03/24/2023,W,240,151,57,93,61.3,25,42,59.5,12,14,85.7,5,30,35,36,12,7,11,19,37
HOU,HOU @ MEM,03/24/2023,L,240,114,47,87,54.0,7,23,30.4,13,21,61.9,10,28,38,25,7,3,16,14,-37
SAC,SAC vs. PHX,03/24/2023,W,240,135,47,89,52.8,13,39,33.3,28,32,87.5,5,28,33,29,6,3,4,23,8
PHX,PHX @ SAC,03/24/2023,L,240,127,48,89,53.9,9,29,31.0,22,29,75.9,12,31,43,33,2,7,12,25,-8
DAL,DAL vs. CHA,03/24/2023,L,240,109,41,84,48.8,9,36,25.0,18,24,75.0,7,38,45,25,3,4,11,19,-8
CHA,CHA @ DAL,03/24/2023,W,240,117,43,89,48.3,11,28,39.3,20,27,74.1,6,37,43,32,7,4,8,17,8
NYK,NYK @ ORL,03/23/2023,L,240,106,37,88,42.0,12,40,30.0,20,26,76.9,13,31,44,26,8,8,13,15,-5
ORL,ORL vs. NYK,03/23/2023,W,240,111,40,87,46.0,13,32,40.6,18,21,85.7,8,35,43,25,8,7,16,19,5
NOP,NOP vs. CHA,03/23/2023,W,240,115,45,98,45.9,11,34,32.4,14,15,93.3,11,41,52,26,11,0,11,14,19
CHA,CHA @ NOP,03/23/2023,L,240,96,38,83,45.8,9,37,24.3,11,16,68.8,4,34,38,24,8,4,17,17,-19
CLE,CLE @ BKN,03/23/2023,W,240,116,42,89,47.2,12,32,37.5,20,26,76.9,13,27,40,24,7,7,10,21,2
BKN,BKN vs. CLE,03/23/2023,L,240,114,39,81,48.1,12,34,35.3,24,27,88.9,9,33,42,24,7,7,16,21,-2
LAC,LAC vs. OKC,03/23/2023,W,240,127,47,84,56.0,18,37,48.6,15,20,75.0,8,34,42,34,9,5,15,9,22
OKC,OKC @ LAC,03/23/2023,L,240,105,41,93,44.1,13,39,33.3,10,11,90.9,13,27,40,24,6,3,14,20,-22
DEN,DEN @ WAS,03/22/2023,W,240,118,42,83,50.6,15,32,46.9,19,21,90.5,11,30,41,28,7,2,10,18,14
GSW,GSW @ DAL,03/22/2023,W,240,127,50,90,55.6,12,39,30.8,15,18,83.3,11,33,44,33,7,5,13,20,2
DAL,DAL vs. GSW,03/22/2023,L,240,125,44,89,49.4,17,40,42.5,20,28,71.4,8,23,31,27,7,2,10,17,-2
NYK,NYK @ MIA,03/22/2023,L,240,120,42,82,51.2,16,40,40.0,20,25,80.0,9,33,42,29,7,5,17,25,-7
MIA,MIA vs. NYK,03/22/2023,W,240,127,45,79,57.0,16,28,57.1,21,26,80.8,2,27,29,28,9,1,10,18,7
PHI,PHI @ CHI,03/22/2023,W,240,116,39,82,47.6,16,37,43.2,22,26,84.6,11,33,44,30,9,4,18,22,25
MEM,MEM vs. HOU,03/22/2023,W,240,130,45,87,51.7,12,36,33.3,28,33,84.8,12,24,36,27,8,4,11,21,5
WAS,WAS vs. DEN,03/22/2023,L,240,104,44,87,50.6,4,26,15.4,12,16,75.0,10,27,37,20,4,4,7,15,-14
MIL,MIL vs. SAS,03/22/2023,W,240,130,51,98,52.0,15,43,34.9,13,24,54.2,10,44,54,24,10,4,15,14,36
SAS,SAS @ MIL,03/22/2023,L,240,94,36,93,38.7,9,39,23.1,13,20,65.0,8,38,46,26,7,6,19,21,-36
HOU,HOU @ MEM,03/22/2023,L,240,125,48,93,51.6,12,33,36.4,17,23,73.9,20,28,48,27,6,3,16,25,-5
POR,POR @ UTA,03/22/2023,W,240,127,45,93,48.4,13,41,31.7,24,30,80.0,7,36,43,28,9,5,9,24,12
UTA,UTA vs. POR,03/22/2023,L,240,115,39,82,47.6,11,35,31.4,26,36,72.2,7,40,47,24,4,5,17,21,-12
LAL,LAL vs. PHX,03/22/2023,W,240,122,39,70,55.7,8,17,47.1,36,46,78.3,5,31,36,27,7,2,15,20,11
PHX,PHX @ LAL,03/22/2023,L,240,111,42,90,46.7,12,31,38.7,15,20,75.0,12,27,39,23,7,6,17,31,-11
ATL,ATL @ MIN,03/22/2023,L,240,124,45,85,52.9,12,26,46.2,22,25,88.0,9,32,41,28,6,6,17,25,-1
MIN,MIN vs. ATL,03/22/2023,W,240,125,45,92,48.9,11,26,42.3,24,29,82.8,11,31,42,27,7,3,11,20,1
TOR,TOR vs. IND,03/22/2023,L,240,114,39,89,43.8,7,34,20.6,29,39,74.4,13,27,40,21,11,7,10,22,-4
IND,IND @ TOR,03/22/2023,W,240,118,43,77,55.8,11,21,52.4,21,25,84.0,8,31,39,27,4,5,18,29,4
CHI,CHI vs. PHI,03/22/2023,L,240,91,34,83,41.0,6,25,24.0,17,22,77.3,15,27,42,18,7,4,19,16,-25
BKN,BKN vs. CLE,03/21/2023,L,240,109,41,92,44.6,9,33,27.3,18,23,78.3,19,30,49,25,6,5,17,19,-6
WAS,WAS @ ORL,03/21/2023,L,240,112,42,83,50.6,10,32,31.3,18,23,78.3,4,29,33,30,7,4,14,23,-10
ORL,ORL vs. WAS,03/21/2023,W,240,122,43,80,53.8,12,27,44.4,24,25,96.0,7,35,42,27,7,5,16,21,10
SAC,SAC vs. BOS,03/21/2023,L,240,109,39,81,48.1,17,44,38.6,14,21,66.7,10,32,42,25,3,4,14,19,-23
CLE,CLE @ BKN,03/21/2023,W,240,115,42,83,50.6,14,29,48.3,17,21,81.0,8,26,34,23,6,3,14,20,6
NOP,NOP vs. SAS,03/21/2023,W,240,119,45,81,55.6,10,24,41.7,19,23,82.6,5,44,49,31,8,2,16,19,35
DET,DET @ ATL,03/21/2023,L,240,107,37,91,40.7,13,40,32.5,20,24,83.3,9,26,35,20,8,2,10,26,-22
SAS,SAS @ NOP,03/21/2023,L,240,84,30,87,34.5,13,41,31.7,11,19,57.9,10,27,37,22,8,3,16,19,-35
ATL,ATL vs. DET,03/21/2023,W,240,129,44,95,46.3,14,38,36.8,27,36,75.0,21,40,61,26,5,6,11,20,22
BOS,BOS @ SAC,03/21/2023,W,240,132,49,92,53.3,18,44,40.9,16,23,69.6,11,32,43,33,9,3,6,15,23
LAC,LAC vs. OKC,03/21/2023,L,240,100,41,86,47.7,6,31,19.4,12,21,57.1,12,34,46,21,9,2,14,21,-1
OKC,OKC @ LAC,03/21/2023,W,240,101,39,93,41.9,10,37,27.0,13,14,92.9,12,35,47,19,2,4,12,21,1
NYK,NYK vs. MIN,03/20/2023,L,240,134,48,85,56.5,14,28,50.0,24,28,85.7,7,27,34,26,7,3,17,22,-6
MIN,MIN @ NYK,03/20/2023,W,240,140,51,83,61.4,14,24,58.3,24,32,75.0,7,27,34,34,9,4,15,24,6
UTA,UTA vs. SAC,03/20/2023,W,240,128,46,88,52.3,16,36,44.4,20,23,87.0,6,42,48,33,3,8,12,23,8
SAC,SAC @ UTA,03/20/2023,L,240,120,41,97,42.3,19,52,36.5,19,25,76.0,8,35,43,28,5,3,6,20,-8
PHI,PHI vs. CHI,03/20/2023,L,290,105,38,90,42.2,10,36,27.8,19,22,86.4,9,45,54,28,8,8,21,25,-4
CHI,CHI @ PHI,03/20/2023,W,290,109,39,94,41.5,7,33,21.2,24,29,82.8,4,38,42,20,12,7,11,18,4
HOU,HOU vs. GSW,03/20/2023,L,240,108,39,93,41.9,10,36,27.8,20,24,83.3,13,28,41,14,14,2,18,14,-13
IND,IND @ CHA,03/20/2023,L,240,109,37,82,45.1,9,26,34.6,26,34,76.5,13,35,48,27,5,6,22,26,-6
CHA,CHA vs. IND,03/20/2023,W,240,115,41,90,45.6,10,31,32.3,23,32,71.9,10,27,37,26,12,6,11,22,6
DAL,DAL @ MEM,03/20/2023,L,240,108,39,84,46.4,11,36,30.6,19,20,95.0,8,29,37,22,5,4,12,19,-4
MEM,MEM vs. DAL,03/20/2023,W,240,112,41,89,46.1,10,35,28.6,20,26,76.9,17,33,50,21,5,3,11,18,4
GSW,GSW @ HOU,03/20/2023,W,240,121,44,88,50.0,17,48,35.4,16,19,84.2,16,32,48,31,12,6,20,14,13
LAL,LAL vs. ORL,03/19/2023,W,240,111,36,78,46.2,13,32,40.6,26,32,81.3,9,43,52,25,2,9,15,19,6
ORL,ORL @ LAL,03/19/2023,L,240,105,41,102,40.2,10,38,26.3,13,17,76.5,13,31,44,24,8,3,8,28,-6
LAC,LAC @ POR,03/19/2023,W,240,117,43,94,45.7,12,28,42.9,19,23,82.6,18,31,49,26,11,3,10,18,15
POR,POR vs. LAC,03/19/2023,L,240,102,37,82,45.1,6,29,20.7,22,24,91.7,11,29,40,24,7,9,15,14,-15
OKC,OKC vs. PHX,03/19/2023,W,240,124,42,84,50.0,11,28,39.3,29,36,80.6,6,38,44,20,8,3,16,20,4
PHX,PHX @ OKC,03/19/2023,L,240,120,44,92,47.8,15,36,41.7,17,24,70.8,9,31,40,31,7,9,14,31,-4
SAS,SAS vs. ATL,03/19/2023,W,240,126,51,94,54.3,14,28,50.0,10,16,62.5,10,31,41,26,9,5,12,18,8
ATL,ATL @ SAS,03/19/2023,L,240,118,48,101,47.5,5,22,22.7,17,20,85.0,20,31,51,21,4,4,12,13,-8
DEN,DEN @ BKN,03/19/2023,W,240,108,42,80,52.5,12,23,52.2,12,13,92.3,6,34,40,31,5,3,17,17,6
MIL,MIL vs. TOR,03/19/2023,W,240,118,43,82,52.4,16,45,35.6,16,21,76.2,7,38,45,35,3,8,12,13,7
TOR,TOR @ MIL,03/19/2023,L,240,111,44,99,44.4,14,34,41.2,9,12,75.0,9,32,41,25,6,4,7,15,-7
BKN,BKN vs. DEN,03/19/2023,L,240,102,38,82,46.3,12,35,34.3,14,16,87.5,9,24,33,26,10,3,12,16,-6
HOU,HOU vs. NOP,03/19/2023,L,240,107,31,76,40.8,9,33,27.3,36,38,94.7,8,28,36,15,4,2,13,22,-10
NOP,NOP @ HOU,03/19/2023,W,240,117,42,85,49.4,13,31,41.9,20,24,83.3,10,29,39,28,7,4,10,23,10
DET,DET vs. MIA,03/19/2023,L,240,100,38,82,46.3,10,32,31.3,14,17,82.4,9,30,39,26,4,2,13,20,-12
MIA,MIA @ DET,03/19/2023,W,240,112,38,79,48.1,13,39,33.3,23,25,92.0,8,34,42,33,4,4,10,17,12
MEM,MEM vs. GSW,03/18/2023,W,240,133,52,95,54.7,18,38,47.4,11,17,64.7,11,28,39,35,5,5,7,24,14
UTA,UTA vs. BOS,03/18/2023,W,240,118,42,97,43.3,17,41,41.5,17,22,77.3,17,39,56,29,3,5,7,14,1
BOS,BOS @ UTA,03/18/2023,L,240,117,42,88,47.7,22,51,43.1,11,16,68.8,5,35,40,30,2,2,8,17,-1
LAC,LAC vs. ORL,03/18/2023,L,240,108,42,90,46.7,6,22,27.3,18,24,75.0,13,30,43,23,9,3,15,24,-5
ORL,ORL @ LAC,03/18/2023,W,240,113,42,84,50.0,10,31,32.3,19,25,76.0,9,36,45,23,14,5,18,22,5
PHI,PHI @ IND,03/18/2023,W,240,141,54,88,61.4,15,35,42.9,18,22,81.8,6,24,30,31,11,6,8,17,20
IND,IND vs. PHI,03/18/2023,L,240,121,45,87,51.7,12,31,38.7,19,20,95.0,12,29,41,28,5,5,17,17,-20
WAS,WAS vs. SAC,03/18/2023,L,240,118,41,91,45.1,13,36,36.1,23,27,85.2,12,34,46,27,6,5,10,18,-14
SAC,SAC @ WAS,03/18/2023,W,240,132,48,86,55.8,22,37,59.5,14,23,60.9,7,37,44,34,7,7,8,22,14
GSW,GSW @ MEM,03/18/2023,L,240,119,39,91,42.9,13,35,37.1,28,34,82.4,15,27,42,27,3,8,13,21,-14
NYK,NYK vs. DEN,03/18/2023,W,240,116,41,83,49.4,9,32,28.1,25,28,89.3,15,28,43,23,9,4,12,16,6
DEN,DEN @ NYK,03/18/2023,L,240,110,43,84,51.2,12,33,36.4,12,15,80.0,6,27,33,30,3,2,13,21,-6
TOR,TOR vs. MIN,03/18/2023,W,240,122,48,90,53.3,9,27,33.3,17,21,81.0,9,36,45,23,11,3,15,25,15
MIN,MIN @ TOR,03/18/2023,L,240,107,39,85,45.9,5,23,21.7,24,28,85.7,9,33,42,27,5,2,15,23,-15
CHI,CHI vs. MIA,03/18/2023,W,240,113,45,80,56.3,17,34,50.0,6,6,100,5,27,32,34,8,5,14,18,14
MIA,MIA @ CHI,03/18/2023,L,240,99,35,82,42.7,10,37,27.0,19,24,79.2,14,25,39,23,4,2,14,10,-14
HOU,HOU vs. NOP,03/17/2023,W,240,114,43,88,48.9,11,32,34.4,17,24,70.8,15,37,52,20,9,3,13,19,2
NOP,NOP @ HOU,03/17/2023,L,240,112,39,82,47.6,12,28,42.9,22,25,88.0,8,27,35,22,8,5,9,17,-2
LAL,LAL vs. DAL,03/17/2023,L,240,110,43,84,51.2,5,20,25.0,19,31,61.3,13,29,42,23,8,3,12,18,-1
BOS,BOS @ POR,03/17/2023,W,240,126,41,87,47.1,15,42,35.7,29,35,82.9,18,34,52,29,12,2,18,19,14
POR,POR vs. BOS,03/17/2023,L,240,112,38,79,48.1,14,38,36.8,22,31,71.0,8,29,37,20,12,4,19,26,-14
MIN,MIN @ CHI,03/17/2023,L,290,131,46,100,46.0,18,42,42.9,21,31,67.7,14,36,50,33,6,8,16,24,-8
CHI,CHI vs. MIN,03/17/2023,W,290,139,51,94,54.3,11,24,45.8,26,30,86.7,6,41,47,23,9,6,12,21,8
SAS,SAS vs. MEM,03/17/2023,L,265,120,39,98,39.8,20,52,38.5,22,29,75.9,16,38,54,31,11,4,20,19,-6
MEM,MEM @ SAS,03/17/2023,W,265,126,49,101,48.5,14,38,36.8,14,21,66.7,15,37,52,27,13,9,17,24,6
PHI,PHI @ CHA,03/17/2023,W,240,121,46,92,50.0,10,32,31.3,19,25,76.0,14,48,62,24,9,9,15,19,39
CHA,CHA vs. PHI,03/17/2023,L,240,82,29,86,33.7,5,35,14.3,19,26,73.1,7,28,35,20,10,6,14,16,-39
WAS,WAS @ CLE,03/17/2023,L,240,94,35,76,46.1,8,23,34.8,16,20,80.0,6,32,38,22,5,6,17,19,-23
CLE,CLE vs. WAS,03/17/2023,W,240,117,48,87,55.2,4,19,21.1,17,22,77.3,9,32,41,31,9,7,11,19,23
ATL,ATL vs. GSW,03/17/2023,W,240,127,47,100,47.0,16,41,39.0,17,25,68.0,13,32,45,27,7,8,11,15,8
GSW,GSW @ ATL,03/17/2023,L,240,119,47,98,48.0,11,40,27.5,14,20,70.0,16,38,54,28,6,9,17,20,-8
DAL,DAL @ LAL,03/17/2023,W,240,111,40,79,50.6,16,34,47.1,15,19,78.9,7,28,35,27,8,4,15,26,1
PHX,PHX vs. ORL,03/16/2023,W,240,116,43,90,47.8,13,35,37.1,17,17,100,7,28,35,26,7,5,14,22,3
MIL,MIL vs. IND,03/16/2023,L,240,123,47,89,52.8,11,32,34.4,18,26,69.2,9,35,44,26,5,4,12,16,-16
IND,IND @ MIL,03/16/2023,W,240,139,54,97,55.7,22,46,47.8,9,15,60.0,8,34,42,36,5,3,10,20,16
ORL,ORL @ PHX,03/16/2023,L,240,113,43,86,50.0,8,28,28.6,19,23,82.6,11,36,47,25,7,3,19,20,-3
SAC,SAC @ BKN,03/16/2023,W,240,101,32,82,39.0,13,41,31.7,24,32,75.0,13,44,57,22,2,5,12,17,5
DET,DET vs. DEN,03/16/2023,L,240,100,39,85,45.9,12,27,44.4,10,18,55.6,13,24,37,24,8,3,17,20,-19
DEN,DEN @ DET,03/16/2023,W,240,119,47,89,52.8,8,24,33.3,17,25,68.0,13,34,47,29,9,7,10,15,19
TOR,TOR vs. OKC,03/16/2023,W,240,128,47,97,48.5,14,32,43.8,20,28,71.4,19,40,59,29,10,6,10,20,17
OKC,OKC @ TOR,03/16/2023,L,240,111,40,94,42.6,13,31,41.9,18,20,90.0,11,28,39,18,5,4,13,17,-17
BKN,BKN vs. SAC,03/16/2023,L,240,96,33,80,41.3,14,39,35.9,16,23,69.6,3,38,41,20,8,4,7,22,-5
MIN,MIN vs. BOS,03/15/2023,L,240,102,37,84,44.0,12,36,33.3,16,22,72.7,8,38,46,27,3,2,13,23,-2
LAL,LAL @ HOU,03/15/2023,L,240,110,34,90,37.8,11,44,25.0,31,37,83.8,11,25,36,21,7,3,10,17,-4
MEM,MEM @ MIA,03/15/2023,L,240,119,46,91,50.5,18,46,39.1,9,14,64.3,12,27,39,29,6,1,16,20,-19
MIA,MIA vs. MEM,03/15/2023,W,240,138,49,82,59.8,13,29,44.8,27,33,81.8,8,33,41,33,8,5,13,16,19
CLE,CLE vs. PHI,03/15/2023,L,240,109,40,85,47.1,14,41,34.1,15,22,68.2,12,21,33,20,6,2,12,18,-9
PHI,PHI @ CLE,03/15/2023,W,240,118,39,75,52.0,17,36,47.2,23,27,85.2,13,33,46,24,8,6,20,21,9
HOU,HOU vs. LAL,03/15/2023,W,240,114,47,89,52.8,8,29,27.6,12,19,63.2,16,35,51,22,5,3,18,29,4
BOS,BOS @ MIN,03/15/2023,W,240,104,34,84,40.5,12,40,30.0,24,30,80.0,8,36,44,20,7,5,11,22,2
DAL,DAL @ SAS,03/15/2023,W,265,137,44,86,51.2,17,33,51.5,32,37,86.5,10,42,52,23,4,4,19,25,9
SAC,SAC @ CHI,03/15/2023,W,240,117,38,78,48.7,18,42,42.9,23,29,79.3,5,40,45,26,6,3,20,19,3
CHI,CHI vs. SAC,03/15/2023,L,240,114,38,97,39.2,16,42,38.1,22,25,88.0,13,35,48,28,13,4,15,24,-3
SAS,SAS vs. DAL,03/15/2023,L,265,128,49,107,45.8,15,34,44.1,15,26,57.7,16,31,47,26,7,4,10,30,-9
LAC,LAC vs. GSW,03/15/2023,W,240,134,46,96,47.9,16,34,47.1,26,32,81.3,16,28,44,30,11,1,8,18,8
GSW,GSW @ LAC,03/15/2023,L,240,126,49,88,55.7,17,36,47.2,11,15,73.3,7,29,36,28,5,1,16,25,-8
PHX,PHX vs. MIL,03/14/2023,L,240,104,41,95,43.2,8,23,34.8,14,16,87.5,8,33,41,23,7,3,11,26,-12
NYK,NYK @ POR,03/14/2023,W,240,123,42,81,51.9,15,35,42.9,24,34,70.6,9,43,52,23,8,8,13,13,16
DET,DET @ WAS,03/14/2023,L,240,97,38,99,38.4,10,34,29.4,11,12,91.7,19,25,44,18,8,3,11,19,-20
POR,POR vs. NYK,03/14/2023,L,240,107,38,99,38.4,17,45,37.8,14,18,77.8,11,27,38,22,8,3,12,19,-16
DEN,DEN @ TOR,03/14/2023,L,240,110,42,76,55.3,6,25,24.0,20,25,80.0,4,28,32,29,9,4,14,17,-15
TOR,TOR vs. DEN,03/14/2023,W,240,125,49,93,52.7,12,30,40.0,15,17,88.2,14,30,44,25,10,2,11,18,15
BKN,BKN @ OKC,03/14/2023,L,240,107,35,82,42.7,12,41,29.3,25,34,73.5,11,35,46,25,3,5,17,20,-14
OKC,OKC vs. BKN,03/14/2023,W,240,121,45,99,45.5,11,33,33.3,20,23,87.0,14,37,51,22,9,0,11,25,14
LAL,LAL @ NOP,03/14/2023,W,240,123,40,82,48.8,18,39,46.2,25,28,89.3,15,37,52,24,8,2,18,16,15
NOP,NOP vs. LAL,03/14/2023,L,240,108,42,98,42.9,11,43,25.6,13,20,65.0,15,26,41,23,9,3,12,24,-15
WAS,WAS vs. DET,03/14/2023,W,240,117,44,85,51.8,7,32,21.9,22,22,100,10,38,48,24,9,9,15,12,20
CLE,CLE @ CHA,03/14/2023,W,240,120,45,88,51.1,14,30,46.7,16,19,84.2,8,22,30,29,8,6,9,19,16
CHA,CHA vs. CLE,03/14/2023,L,240,104,43,76,56.6,6,23,26.1,12,15,80.0,6,34,40,28,3,8,22,18,-16
MIL,MIL @ PHX,03/14/2023,W,240,116,40,85,47.1,12,39,30.8,24,37,64.9,13,33,46,24,8,6,13,15,12
ORL,ORL @ SAS,03/14/2023,L,240,114,44,97,45.4,10,29,34.5,16,21,76.2,13,29,42,24,7,2,9,16,-18
SAS,SAS vs. ORL,03/14/2023,W,240,132,48,85,56.5,22,41,53.7,14,18,77.8,7,40,47,39,6,7,15,17,18
MIN,MIN @ ATL,03/13/2023,W,240,136,54,92,58.7,12,28,42.9,16,23,69.6,5,32,37,39,12,10,13,22,21
MIL,MIL @ SAC,03/13/2023,W,240,133,50,86,58.1,15,33,45.5,18,22,81.8,5,38,43,29,2,4,13,18,9
ATL,ATL vs. MIN,03/13/2023,L,240,115,44,97,45.4,4,22,18.2,23,28,82.1,18,33,51,17,6,4,16,19,-21
MIA,MIA vs. UTA,03/13/2023,W,240,119,37,79,46.8,14,34,41.2,31,36,86.1,9,28,37,20,12,4,13,13,4
UTA,UTA @ MIA,03/13/2023,L,240,115,43,90,47.8,16,38,42.1,13,18,72.2,16,32,48,31,7,4,18,25,-4
PHX,PHX @ GSW,03/13/2023,L,240,112,46,95,48.4,4,21,19.0,16,22,72.7,17,30,47,25,8,4,14,23,-11
GSW,GSW vs. PHX,03/13/2023,W,240,123,45,83,54.2,19,39,48.7,14,24,58.3,9,32,41,28,8,6,16,21,11
BOS,BOS @ HOU,03/13/2023,L,240,109,39,87,44.8,12,42,28.6,19,21,90.5,10,28,38,19,7,5,14,22,-2
IND,IND @ DET,03/13/2023,L,240,97,36,86,41.9,10,34,29.4,15,24,62.5,13,29,42,23,7,5,16,15,-20
MEM,MEM @ DAL,03/13/2023,W,240,104,38,83,45.8,12,37,32.4,16,19,84.2,7,40,47,23,9,3,16,17,16
DAL,DAL vs. MEM,03/13/2023,L,240,88,35,90,38.9,12,46,26.1,6,8,75.0,8,33,41,23,3,3,13,16,-16
DET,DET vs. IND,03/13/2023,W,240,117,48,100,48.0,14,36,38.9,7,10,70.0,19,33,52,28,10,5,15,21,20
HOU,HOU vs. BOS,03/13/2023,W,240,111,40,90,44.4,11,35,31.4,20,27,74.1,15,33,48,27,9,2,11,21,2
SAC,SAC vs. MIL,03/13/2023,L,240,124,46,104,44.2,21,50,42.0,11,15,73.3,15,30,45,31,4,2,9,21,-9
DEN,DEN vs. BKN,03/12/2023,L,240,120,45,90,50.0,12,31,38.7,18,24,75.0,15,34,49,27,4,8,15,19,-2
WAS,WAS @ PHI,03/12/2023,L,240,93,34,84,40.5,6,26,23.1,19,23,82.6,6,29,35,19,4,5,10,20,-19
PHI,PHI vs. WAS,03/12/2023,W,240,112,41,80,51.3,11,29,37.9,19,23,82.6,9,33,42,29,6,10,9,19,19
OKC,OKC @ SAS,03/12/2023,W,240,102,36,95,37.9,10,39,25.6,20,23,87.0,12,43,55,26,8,3,9,19,12
SAS,SAS vs. OKC,03/12/2023,L,240,90,33,88,37.5,10,36,27.8,14,19,73.7,10,40,50,24,3,7,19,18,-12
BKN,BKN @ DEN,03/12/2023,W,240,122,42,84,50.0,17,44,38.6,21,24,87.5,4,24,28,32,11,2,10,21,2
NOP,NOP vs. POR,03/12/2023,W,240,127,43,86,50.0,19,40,47.5,22,29,75.9,8,35,43,35,11,7,15,19,17
POR,POR @ NOP,03/12/2023,L,240,110,43,88,48.9,10,33,30.3,14,20,70.0,10,36,46,26,10,2,19,21,-17
CLE,CLE @ CHA,03/12/2023,W,240,114,41,87,47.1,7,27,25.9,25,34,73.5,11,29,40,18,8,3,10,22,6
CHA,CHA vs. CLE,03/12/2023,L,240,108,41,80,51.3,10,21,47.6,16,22,72.7,7,36,43,25,8,5,19,26,-6
NYK,NYK @ LAL,03/12/2023,W,240,112,42,88,47.7,11,37,29.7,17,21,81.0,12,34,46,18,8,3,11,18,4
LAL,LAL vs. NYK,03/12/2023,L,240,108,43,89,48.3,12,36,33.3,10,17,58.8,10,27,37,24,6,2,11,17,-4
DET,DET vs. IND,03/11/2023,L,240,115,43,94,45.7,11,34,32.4,18,27,66.7,12,30,42,25,7,7,12,24,-6
ORL,ORL vs. MIA,03/11/2023,W,265,126,48,99,48.5,13,37,35.1,17,20,85.0,15,39,54,34,10,10,19,20,12
MIA,MIA @ ORL,03/11/2023,L,265,114,42,94,44.7,11,37,29.7,19,20,95.0,5,30,35,19,8,2,17,17,-12
IND,IND @ DET,03/11/2023,W,240,121,43,93,46.2,9,35,25.7,26,34,76.5,18,40,58,24,7,6,14,20,6
CHA,CHA vs. UTA,03/11/2023,L,240,111,40,98,40.8,17,40,42.5,14,15,93.3,11,32,43,24,5,14,7,15,-8
UTA,UTA @ CHA,03/11/2023,W,240,119,46,103,44.7,9,32,28.1,18,20,90.0,20,40,60,22,4,4,11,17,8
SAC,SAC @ PHX,03/11/2023,W,240,128,41,85,48.2,15,35,42.9,31,37,83.8,8,31,39,19,10,2,15,19,9
PHX,PHX vs. SAC,03/11/2023,L,240,119,44,89,49.4,13,44,29.5,18,22,81.8,7,33,40,30,11,3,14,26,-9
GSW,GSW vs. MIL,03/11/2023,W,265,125,46,112,41.1,23,55,41.8,10,11,90.9,18,47,65,33,12,4,15,15,9
NYK,NYK @ LAC,03/11/2023,L,240,95,32,90,35.6,7,31,22.6,24,27,88.9,20,34,54,21,5,3,10,17,-11
LAC,LAC vs. NYK,03/11/2023,W,240,106,42,87,48.3,10,30,33.3,12,16,75.0,7,32,39,22,3,4,10,20,11
NOP,NOP vs. OKC,03/11/2023,L,240,96,34,81,42.0,12,34,35.3,16,19,84.2,8,35,43,23,3,4,22,25,-14
OKC,OKC @ NOP,03/11/2023,W,240,110,37,80,46.3,9,28,32.1,27,32,84.4,4,34,38,17,11,2,12,17,14
HOU,HOU vs. CHI,03/11/2023,L,240,111,41,85,48.2,16,34,47.1,13,17,76.5,6,27,33,28,10,3,16,19,-8
CHI,CHI @ HOU,03/11/2023,W,240,119,44,86,51.2,15,32,46.9,16,22,72.7,13,31,44,25,7,9,14,17,8
MEM,MEM vs. DAL,03/11/2023,W,240,112,41,86,47.7,10,38,26.3,20,24,83.3,11,34,45,25,7,5,11,16,4
DAL,DAL @ MEM,03/11/2023,L,240,108,39,85,45.9,15,43,34.9,15,23,65.2,10,33,43,25,4,3,11,17,-4
MIL,MIL @ GSW,03/11/2023,L,265,116,43,100,43.0,21,51,41.2,9,11,81.8,7,41,48,28,9,7,17,14,-9
ATL,ATL vs. BOS,03/11/2023,L,240,125,50,100,50.0,10,34,29.4,15,16,93.8,13,35,48,24,4,4,10,17,-9
BOS,BOS @ ATL,03/11/2023,W,240,134,52,95,54.7,20,42,47.6,10,12,83.3,5,35,40,35,6,6,9,21,9
DEN,DEN @ SAS,03/10/2023,L,240,120,44,90,48.9,13,35,37.1,19,20,95.0,8,25,33,32,14,4,14,14,-8
TOR,TOR @ LAL,03/10/2023,L,240,112,46,92,50.0,10,28,35.7,10,13,76.9,10,27,37,29,14,3,13,16,-10
LAL,LAL vs. TOR,03/10/2023,W,240,122,45,80,56.3,13,30,43.3,19,19,100,5,30,35,28,8,8,21,10,10
MIN,MIN vs. BKN,03/10/2023,L,265,123,48,98,49.0,9,30,30.0,18,29,62.1,12,35,47,29,10,6,14,21,-1
BKN,BKN @ MIN,03/10/2023,W,265,124,42,91,46.2,16,34,47.1,24,33,72.7,12,36,48,20,7,5,15,26,1
MIA,MIA vs. CLE,03/10/2023,W,240,119,42,82,51.2,14,29,48.3,21,23,91.3,11,35,46,22,7,4,16,20,4
CLE,CLE @ MIA,03/10/2023,L,240,115,40,86,46.5,18,43,41.9,17,21,81.0,8,26,34,25,5,6,11,20,-4
PHI,PHI vs. POR,03/10/2023,W,240,120,43,83,51.8,11,30,36.7,23,29,79.3,12,30,42,25,7,4,10,24,1
SAS,SAS vs. DEN,03/10/2023,W,240,128,51,94,54.3,13,33,39.4,13,17,76.5,13,37,50,31,10,0,19,20,8
WAS,WAS vs. ATL,03/10/2023,L,240,107,43,88,48.9,7,27,25.9,14,18,77.8,7,36,43,27,8,6,15,17,-7
ATL,ATL @ WAS,03/10/2023,W,240,114,42,95,44.2,15,31,48.4,15,19,78.9,13,33,46,25,9,4,14,17,7
POR,POR @ PHI,03/10/2023,L,240,119,42,80,52.5,15,36,41.7,20,30,66.7,5,31,36,24,6,3,9,17,-1
MEM,MEM vs. GSW,03/09/2023,W,240,131,50,93,53.8,18,40,45.0,13,18,72.2,9,33,42,36,6,3,14,18,21
BKN,BKN @ MIL,03/09/2023,L,240,113,41,104,39.4,14,36,38.9,17,17,100,15,32,47,20,10,4,14,12,-5
MIL,MIL vs. BKN,03/09/2023,W,240,118,44,104,42.3,19,50,38.0,11,14,78.6,20,41,61,33,8,12,16,14,5
GSW,GSW @ MEM,03/09/2023,L,240,110,36,82,43.9,15,45,33.3,23,24,95.8,8,24,32,25,9,3,17,17,-21
ORL,ORL vs. UTA,03/09/2023,L,240,124,44,94,46.8,16,34,47.1,20,31,64.5,12,24,36,21,9,4,10,16,-7
SAC,SAC vs. NYK,03/09/2023,W,240,122,44,84,52.4,10,32,31.3,24,32,75.0,6,36,42,28,10,3,12,21,5
NYK,NYK @ SAC,03/09/2023,L,240,117,42,101,41.6,13,50,26.0,20,31,64.5,23,35,58,27,8,1,14,25,-5
CHA,CHA @ DET,03/09/2023,W,240,113,43,86,50.0,8,24,33.3,19,32,59.4,13,31,44,24,11,9,13,18,10
IND,IND vs. HOU,03/09/2023,W,265,134,48,100,48.0,18,45,40.0,20,21,95.2,8,34,42,34,12,15,12,21,9
DET,DET vs. CHA,03/09/2023,L,240,103,40,89,44.9,7,21,33.3,16,20,80.0,17,31,48,20,5,4,19,22,-10
HOU,HOU @ IND,03/09/2023,L,265,125,49,107,45.8,6,17,35.3,21,29,72.4,20,38,58,18,6,6,17,22,-9
UTA,UTA @ ORL,03/09/2023,W,240,131,49,88,55.7,13,34,38.2,20,21,95.2,11,31,42,27,7,8,18,26,7
BOS,BOS vs. POR,03/08/2023,W,240,115,42,88,47.7,18,49,36.7,13,20,65.0,5,40,45,26,9,2,11,20,22
POR,POR @ BOS,03/08/2023,L,240,93,30,82,36.6,11,39,28.2,22,27,81.5,6,41,47,18,5,2,16,19,-22
DEN,DEN vs. CHI,03/08/2023,L,240,96,37,88,42.0,15,40,37.5,7,15,46.7,11,33,44,26,5,2,11,16,-21
CHI,CHI @ DEN,03/08/2023,W,240,117,46,89,51.7,8,24,33.3,17,18,94.4,9,41,50,26,9,2,9,16,21
ATL,ATL @ WAS,03/08/2023,W,240,122,45,85,52.9,12,29,41.4,20,26,76.9,8,28,36,26,11,5,11,17,2
TOR,TOR @ LAC,03/08/2023,L,240,100,37,96,38.5,13,32,40.6,13,14,92.9,15,26,41,21,12,2,12,23,-8
LAC,LAC vs. TOR,03/08/2023,W,240,108,39,71,54.9,6,20,30.0,24,31,77.4,9,35,44,23,9,4,17,18,8
DAL,DAL @ NOP,03/08/2023,L,240,106,38,88,43.2,16,46,34.8,14,19,73.7,5,29,34,24,7,0,9,18,-7
NOP,NOP vs. DAL,03/08/2023,W,240,113,42,83,50.6,13,27,48.1,16,18,88.9,9,40,49,32,4,6,15,19,7
OKC,OKC @ PHX,03/08/2023,L,240,101,33,88,37.5,15,43,34.9,20,21,95.2,7,30,37,23,9,2,16,13,-31
PHX,PHX vs. OKC,03/08/2023,W,240,132,49,94,52.1,20,43,46.5,14,16,87.5,14,40,54,31,10,7,15,17,31
WAS,WAS vs. ATL,03/08/2023,L,240,120,47,83,56.6,12,29,41.4,14,17,82.4,6,33,39,34,9,1,19,16,-2
CLE,CLE @ MIA,03/08/2023,W,240,104,39,80,48.8,9,28,32.1,17,19,89.5,7,25,32,26,13,3,17,23,4
MIA,MIA vs. CLE,03/08/2023,L,240,100,35,70,50.0,8,29,27.6,22,29,75.9,10,27,37,22,7,4,24,19,-4
PHI,PHI @ MIN,03/07/2023,W,240,117,40,81,49.4,15,25,60.0,22,23,95.7,8,46,54,21,8,6,16,17,23
NYK,NYK vs. CHA,03/07/2023,L,240,105,38,89,42.7,11,40,27.5,18,24,75.0,10,29,39,18,3,4,8,18,-7
CHA,CHA @ NYK,03/07/2023,W,240,112,42,85,49.4,12,32,37.5,16,21,76.2,10,32,42,27,2,5,12,20,7
MIN,MIN vs. PHI,03/07/2023,L,240,94,34,86,39.5,11,36,30.6,15,21,71.4,6,28,34,19,9,7,11,16,-23
ORL,ORL vs. MIL,03/07/2023,L,240,123,50,100,50.0,9,30,30.0,14,19,73.7,10,28,38,24,7,0,13,22,-11
BKN,BKN @ HOU,03/07/2023,W,240,118,40,81,49.4,15,40,37.5,23,29,79.3,5,31,36,23,12,7,12,21,22
DAL,DAL vs. UTA,03/07/2023,W,240,120,42,89,47.2,19,45,42.2,17,22,77.3,3,40,43,24,10,6,17,20,4
UTA,UTA @ DAL,03/07/2023,L,240,116,41,92,44.6,15,44,34.1,19,25,76.0,6,41,47,23,10,4,16,23,-4
MEM,MEM @ LAL,03/07/2023,L,240,103,36,93,38.7,9,37,24.3,22,29,75.9,6,39,45,18,6,6,7,25,-9
HOU,HOU vs. BKN,03/07/2023,L,240,96,36,83,43.4,7,26,26.9,17,24,70.8,15,33,48,14,6,1,19,22,-22
MIL,MIL @ ORL,03/07/2023,W,240,134,46,78,59.0,10,28,35.7,32,34,94.1,3,35,38,28,5,5,17,18,11
DET,DET vs. WAS,03/07/2023,L,240,117,43,84,51.2,13,30,43.3,18,22,81.8,10,20,30,29,6,3,12,16,-2
WAS,WAS @ DET,03/07/2023,W,240,119,47,81,58.0,12,25,48.0,13,17,76.5,9,28,37,27,9,5,15,20,2
GSW,GSW @ OKC,03/07/2023,L,240,128,47,89,52.8,20,51,39.2,14,16,87.5,8,25,33,36,8,3,21,21,-9
OKC,OKC vs. GSW,03/07/2023,W,240,137,50,94,53.2,17,37,45.9,20,24,83.3,13,31,44,28,10,2,18,17,9
LAL,LAL vs. MEM,03/07/2023,W,240,112,41,90,45.6,7,28,25.0,23,29,79.3,7,50,57,27,4,2,15,18,9
NOP,NOP @ SAC,03/06/2023,L,240,108,43,80,53.8,11,29,37.9,11,14,78.6,7,33,40,29,6,4,16,19,-15
POR,POR @ DET,03/06/2023,W,240,110,38,78,48.7,15,33,45.5,19,25,76.0,5,33,38,28,7,6,11,17,6
DET,DET vs. POR,03/06/2023,L,240,104,40,86,46.5,10,32,31.3,14,20,70.0,16,36,52,30,9,6,16,21,-6
PHI,PHI @ IND,03/06/2023,W,240,147,48,82,58.5,16,34,47.1,35,38,92.1,5,31,36,37,6,5,12,26,4
IND,IND vs. PHI,03/06/2023,L,240,143,53,90,58.9,15,37,40.5,22,31,71.0,5,25,30,28,8,4,9,24,-4
BOS,BOS @ CLE,03/06/2023,L,265,114,42,101,41.6,16,48,33.3,14,21,66.7,15,37,52,25,5,5,14,21,-4
CLE,CLE vs. BOS,03/06/2023,W,265,118,43,96,44.8,12,34,35.3,20,25,80.0,16,42,58,27,4,7,15,20,4
TOR,TOR @ DEN,03/06/2023,L,240,113,43,86,50.0,10,27,37.0,17,20,85.0,11,30,41,29,6,4,15,20,-5
DEN,DEN vs. TOR,03/06/2023,W,240,118,43,86,50.0,13,33,39.4,19,23,82.6,12,29,41,30,9,2,14,12,5
SAC,SAC vs. NOP,03/06/2023,W,240,123,47,83,56.6,16,38,42.1,13,20,65.0,6,27,33,39,7,3,11,12,15
MIA,MIA vs. ATL,03/06/2023,W,240,130,41,77,53.2,16,29,55.2,32,37,86.5,8,24,32,27,6,4,11,17,2
ATL,ATL @ MIA,03/06/2023,L,240,128,51,92,55.4,9,29,31.0,17,23,73.9,12,25,37,28,5,0,11,25,-2
UTA,UTA @ OKC,03/05/2023,L,240,119,43,88,48.9,11,37,29.7,22,27,81.5,12,27,39,30,5,8,16,25,-10
WAS,WAS vs. MIL,03/05/2023,L,240,111,46,108,42.6,8,31,25.8,11,12,91.7,20,36,56,21,8,2,9,19,-6
CHI,CHI vs. IND,03/05/2023,L,240,122,45,74,60.8,10,22,45.5,22,25,88.0,4,29,33,18,6,3,15,20,-3
MEM,MEM @ LAC,03/05/2023,L,240,129,50,92,54.3,18,34,52.9,11,15,73.3,2,24,26,32,13,3,8,23,-6
IND,IND @ CHI,03/05/2023,W,240,125,48,94,51.1,16,44,36.4,13,16,81.3,13,22,35,27,5,6,9,18,3
BOS,BOS vs. NYK,03/05/2023,L,290,129,43,109,39.4,21,59,35.6,22,25,88.0,17,37,54,27,8,5,16,28,-2
NYK,NYK @ BOS,03/05/2023,W,290,131,47,95,49.5,15,41,36.6,22,32,68.8,11,43,54,18,7,4,20,27,2
DAL,DAL vs. PHX,03/05/2023,L,240,126,38,77,49.4,15,38,39.5,35,38,92.1,5,26,31,15,5,0,10,22,-4
PHX,PHX @ DAL,03/05/2023,W,240,130,49,89,55.1,12,34,35.3,20,25,80.0,9,32,41,27,5,2,9,28,4
LAC,LAC vs. MEM,03/05/2023,W,240,135,45,85,52.9,12,29,41.4,33,35,94.3,13,40,53,25,6,2,17,17,6
OKC,OKC vs. UTA,03/05/2023,W,240,129,44,87,50.6,14,37,37.8,27,33,81.8,11,31,42,24,9,4,12,20,10
GSW,GSW @ LAL,03/05/2023,L,240,105,36,91,39.6,18,52,34.6,15,18,83.3,7,35,42,27,2,6,13,21,-8
CHA,CHA @ BKN,03/05/2023,L,240,86,33,88,37.5,8,30,26.7,12,15,80.0,5,44,49,17,2,3,10,19,-16
SAS,SAS @ HOU,03/05/2023,L,240,110,43,93,46.2,11,34,32.4,13,21,61.9,13,22,35,23,5,4,15,20,-32
HOU,HOU vs. SAS,03/05/2023,W,240,142,52,85,61.2,13,24,54.2,25,29,86.2,6,38,44,29,10,3,12,20,32
MIL,MIL @ WAS,03/05/2023,W,240,117,39,83,47.0,22,49,44.9,17,22,77.3,7,38,45,30,5,6,12,15,6
LAL,LAL vs. GSW,03/05/2023,W,240,113,42,95,44.2,11,33,33.3,18,22,81.8,10,36,46,29,3,3,9,17,8
BKN,BKN vs. CHA,03/05/2023,W,240,102,36,92,39.1,12,43,27.9,18,22,81.8,8,44,52,21,5,9,8,12,16
POR,POR @ ORL,03/05/2023,W,240,122,39,83,47.0,16,47,34.0,28,32,87.5,9,37,46,27,9,5,17,22,3
ORL,ORL vs. POR,03/05/2023,L,240,119,42,84,50.0,11,31,35.5,24,31,77.4,6,32,38,29,11,2,11,25,-3
SAS,SAS vs. HOU,03/04/2023,L,240,110,38,86,44.2,15,37,40.5,19,20,95.0,13,29,42,24,9,3,15,20,-12
HOU,HOU @ SAS,03/04/2023,W,240,122,49,87,56.3,8,23,34.8,16,22,72.7,14,31,45,26,9,5,16,24,12
WAS,WAS vs. TOR,03/04/2023,L,265,109,38,75,50.7,14,24,58.3,19,22,86.4,9,34,43,26,9,5,24,16,-7
TOR,TOR @ WAS,03/04/2023,W,265,116,47,90,52.2,12,30,40.0,10,14,71.4,10,24,34,30,14,4,14,21,7
MIN,MIN @ SAC,03/04/2023,W,240,138,48,80,60.0,20,39,51.3,22,31,71.0,6,34,40,31,4,6,12,21,4
SAC,SAC vs. MIN,03/04/2023,L,240,134,49,89,55.1,14,27,51.9,22,30,73.3,11,28,39,25,5,1,6,21,-4
MIL,MIL vs. PHI,03/04/2023,L,240,130,44,83,53.0,17,34,50.0,25,28,89.3,11,32,43,30,3,3,13,23,-3
CLE,CLE vs. DET,03/04/2023,W,240,114,45,91,49.5,14,34,41.2,10,18,55.6,8,31,39,29,14,8,12,18,24
ATL,ATL @ MIA,03/04/2023,L,240,109,37,79,46.8,9,30,30.0,26,30,86.7,10,27,37,22,12,1,16,23,-8
MIA,MIA vs. ATL,03/04/2023,W,240,117,42,83,50.6,13,35,37.1,20,23,87.0,12,31,43,31,5,3,20,19,8
PHI,PHI @ MIL,03/04/2023,W,240,133,42,84,50.0,18,37,48.6,31,37,83.8,9,23,32,24,5,1,6,21,3
DET,DET @ CLE,03/04/2023,L,240,90,33,81,40.7,6,24,25.0,18,25,72.0,12,37,49,19,5,7,24,15,-24
NOP,NOP @ GSW,03/03/2023,L,240,99,34,77,44.2,10,29,34.5,21,27,77.8,7,22,29,20,9,4,13,22,-9
MIA,MIA vs. NYK,03/03/2023,L,240,120,39,81,48.1,12,25,48.0,30,32,93.8,11,28,39,23,7,2,12,17,-2
MIN,MIN @ LAL,03/03/2023,W,240,110,42,89,47.2,14,34,41.2,12,16,75.0,10,36,46,29,10,6,14,21,8
NYK,NYK @ MIA,03/03/2023,W,240,122,47,81,58.0,17,41,41.5,11,17,64.7,6,28,34,23,8,4,12,23,2
LAL,LAL vs. MIN,03/03/2023,L,240,102,36,87,41.4,10,31,32.3,20,24,83.3,11,30,41,23,8,2,15,19,-8
CHI,CHI vs. PHX,03/03/2023,L,240,104,39,83,47.0,7,23,30.4,19,25,76.0,9,25,34,24,7,1,9,15,-21
PHX,PHX @ CHI,03/03/2023,W,240,125,42,84,50.0,20,47,42.6,21,25,84.0,13,28,41,29,6,7,11,20,21
DEN,DEN vs. MEM,03/03/2023,W,240,113,40,87,46.0,8,31,25.8,25,31,80.6,13,40,53,28,6,5,10,21,16
UTA,UTA @ OKC,03/03/2023,L,240,103,38,78,48.7,9,29,31.0,18,23,78.3,10,38,48,24,5,14,26,18,-27
MEM,MEM @ DEN,03/03/2023,L,240,97,31,84,36.9,11,32,34.4,24,31,77.4,10,30,40,24,6,6,11,24,-16
BKN,BKN @ BOS,03/03/2023,W,240,115,40,95,42.1,14,44,31.8,21,26,80.8,13,34,47,25,9,6,13,20,10
BOS,BOS vs. BKN,03/03/2023,L,240,105,41,84,48.8,9,29,31.0,14,20,70.0,9,39,48,26,8,8,19,19,-10
OKC,OKC vs. UTA,03/03/2023,W,240,130,52,104,50.0,17,43,39.5,9,14,64.3,11,29,40,31,12,5,7,22,27
GSW,GSW vs. NOP,03/03/2023,W,240,108,40,78,51.3,10,31,32.3,18,20,90.0,9,34,43,28,7,4,18,22,9
ATL,ATL vs. POR,03/03/2023,W,240,129,52,91,57.1,12,26,46.2,13,16,81.3,10,33,43,30,10,5,17,19,18
CHA,CHA vs. ORL,03/03/2023,L,240,106,38,78,48.7,9,24,37.5,21,25,84.0,8,26,34,25,11,4,21,20,-11
ORL,ORL @ CHA,03/03/2023,W,240,117,46,86,53.5,10,26,38.5,15,19,78.9,13,29,42,21,9,4,20,24,11
POR,POR @ ATL,03/03/2023,L,240,111,41,87,47.1,13,39,33.3,16,20,80.0,9,25,34,22,11,7,18,15,-18
LAC,LAC @ SAC,03/03/2023,L,240,127,47,87,54.0,14,41,34.1,19,27,70.4,6,26,32,31,7,3,7,24,-1
SAC,SAC vs. LAC,03/03/2023,W,240,128,46,87,52.9,10,33,30.3,26,26,100,9,36,45,26,3,2,11,22,1
TOR,TOR @ WAS,03/02/2023,L,240,108,41,92,44.6,9,33,27.3,17,17,100,13,30,43,28,8,7,14,21,-11
WAS,WAS vs. TOR,03/02/2023,W,240,119,43,84,51.2,14,30,46.7,19,24,79.2,9,34,43,30,5,4,15,12,11
GSW,GSW vs. LAC,03/02/2023,W,240,115,39,93,41.9,14,46,30.4,23,27,85.2,15,45,60,25,9,6,12,20,24
LAC,LAC @ GSW,03/02/2023,L,240,91,32,89,36.0,9,43,20.9,18,21,85.7,9,38,47,19,5,5,16,24,-24
DAL,DAL vs. PHI,03/02/2023,W,240,133,45,82,54.9,25,48,52.1,18,27,66.7,5,26,31,26,8,1,13,22,7
PHI,PHI @ DAL,03/02/2023,L,240,126,45,78,57.7,12,27,44.4,24,29,82.8,5,32,37,28,9,1,14,24,-7
SAS,SAS vs. IND,03/02/2023,W,240,110,45,98,45.9,10,32,31.3,10,13,76.9,13,37,50,31,5,6,17,14,11
IND,IND @ SAS,03/02/2023,L,240,99,41,90,45.6,8,23,34.8,9,11,81.8,6,34,40,23,11,8,14,18,-11
PHX,PHX @ CHA,03/01/2023,W,240,105,42,89,47.2,9,25,36.0,12,15,80.0,5,43,48,30,8,9,13,22,14
HOU,HOU vs. MEM,03/01/2023,L,240,99,36,90,40.0,11,34,32.4,16,25,64.0,17,32,49,17,4,5,13,18,-14
MEM,MEM @ HOU,03/01/2023,W,240,113,40,83,48.2,17,41,41.5,16,19,84.2,8,36,44,27,6,9,8,21,14
MIA,MIA vs. PHI,03/01/2023,L,240,96,34,78,43.6,7,29,24.1,21,23,91.3,5,28,33,18,3,2,13,17,-23
PHI,PHI @ MIA,03/01/2023,W,240,119,41,83,49.4,15,39,38.5,22,22,100,9,32,41,25,6,5,9,20,23
CHA,CHA vs. PHX,03/01/2023,L,240,91,32,88,36.4,9,33,27.3,18,28,64.3,12,36,48,20,3,7,14,17,-14
LAL,LAL @ OKC,03/01/2023,W,240,123,38,80,47.5,16,35,45.7,31,39,79.5,10,31,41,22,8,8,13,19,6
POR,POR vs. NOP,03/01/2023,L,240,110,36,81,44.4,11,38,28.9,27,29,93.1,12,29,41,18,5,8,14,18,-11
NOP,NOP @ POR,03/01/2023,W,240,121,46,89,51.7,9,25,36.0,20,23,87.0,11,30,41,23,9,4,6,20,11
CHI,CHI @ DET,03/01/2023,W,240,117,41,85,48.2,12,27,44.4,23,31,74.2,10,30,40,27,9,4,15,22,2
OKC,OKC vs. LAL,03/01/2023,L,240,117,44,91,48.4,11,40,27.5,18,24,75.0,12,30,42,29,8,4,13,27,-6
BOS,BOS vs. CLE,03/01/2023,W,240,117,39,78,50.0,16,32,50.0,23,28,82.1,7,36,43,27,5,4,13,18,4
CLE,CLE @ BOS,03/01/2023,L,240,113,45,92,48.9,10,32,31.3,13,21,61.9,10,28,38,21,8,3,7,18,-4
NYK,NYK vs. BKN,03/01/2023,W,240,142,54,89,60.7,20,35,57.1,14,21,66.7,7,39,46,28,5,3,16,21,24
BKN,BKN @ NYK,03/01/2023,L,240,118,42,90,46.7,15,39,38.5,19,20,95.0,5,26,31,26,6,5,14,21,-24
ORL,ORL @ MIL,03/01/2023,L,240,117,43,94,45.7,9,33,27.3,22,29,75.9,12,38,50,22,3,5,13,18,-22
MIL,MIL vs. ORL,03/01/2023,W,240,139,49,94,52.1,26,56,46.4,15,19,78.9,8,38,46,29,4,1,8,23,22
DET,DET vs. CHI,03/01/2023,L,240,115,39,78,50.0,14,35,40.0,23,28,82.1,7,33,40,23,8,2,17,23,-2
DEN,DEN @ HOU,02/28/2023,W,240,133,53,92,57.6,16,37,43.2,11,16,68.8,11,32,43,40,8,5,11,10,21
HOU,HOU vs. DEN,02/28/2023,L,240,112,48,97,49.5,9,31,29.0,7,10,70.0,10,30,40,33,5,6,13,16,-21
IND,IND @ DAL,02/28/2023,W,240,124,41,78,52.6,11,28,39.3,31,40,77.5,5,36,41,25,3,8,9,19,2
ATL,ATL vs. WAS,02/28/2023,L,240,116,43,93,46.2,13,35,37.1,17,19,89.5,13,29,42,21,4,7,9,17,-3
WAS,WAS @ ATL,02/28/2023,W,240,119,48,97,49.5,6,21,28.6,17,20,85.0,16,32,48,19,6,5,9,15,3
UTA,UTA vs. SAS,02/28/2023,L,240,94,30,85,35.3,10,34,29.4,24,36,66.7,14,38,52,15,8,9,20,15,-8
OKC,OKC vs. SAC,02/28/2023,L,240,117,43,98,43.9,11,35,31.4,20,24,83.3,12,30,42,28,9,1,10,23,-6
SAS,SAS @ UTA,02/28/2023,W,240,102,39,91,42.9,8,26,30.8,16,25,64.0,9,36,45,23,9,5,14,22,8
LAC,LAC vs. MIN,02/28/2023,L,240,101,35,83,42.2,11,28,39.3,20,23,87.0,9,35,44,24,11,3,25,17,-7
DAL,DAL vs. IND,02/28/2023,L,240,122,46,91,50.5,12,37,32.4,18,28,64.3,9,29,38,28,5,3,7,29,-2
MIL,MIL @ BKN,02/28/2023,W,240,118,50,102,49.0,14,37,37.8,4,12,33.3,11,44,55,32,10,3,17,21,14
BKN,BKN vs. MIL,02/28/2023,L,240,104,36,83,43.4,12,36,33.3,20,25,80.0,3,35,38,25,12,6,18,19,-14
MIN,MIN @ LAC,02/28/2023,W,240,108,43,90,47.8,9,26,34.6,13,22,59.1,10,36,46,22,14,8,19,20,7
LAL,LAL @ MEM,02/28/2023,L,240,109,38,86,44.2,13,34,38.2,20,23,87.0,14,42,56,22,5,10,26,19,-12
MEM,MEM vs. LAL,02/28/2023,W,240,121,51,112,45.5,6,31,19.4,13,17,76.5,14,33,47,25,13,6,7,17,12
CHI,CHI @ TOR,02/28/2023,L,240,98,37,71,52.1,10,25,40.0,14,17,82.4,6,29,35,28,6,7,20,18,-6
TOR,TOR vs. CHI,02/28/2023,W,240,104,38,94,40.4,15,42,35.7,13,19,68.4,19,28,47,26,11,6,12,17,6
SAC,SAC @ OKC,02/28/2023,W,240,123,43,82,52.4,15,42,35.7,22,30,73.3,8,43,51,34,3,4,20,21,6
POR,POR @ GSW,02/28/2023,L,240,105,37,86,43.0,12,39,30.8,19,22,86.4,9,24,33,26,8,4,13,17,-18
GSW,GSW vs. POR,02/28/2023,W,240,123,49,91,53.8,12,30,40.0,13,16,81.3,12,34,46,34,5,2,18,19,18
ORL,ORL @ NOP,02/27/2023,W,240,101,36,79,45.6,9,34,26.5,20,26,76.9,11,32,43,21,9,1,17,20,8
NOP,NOP vs. ORL,02/27/2023,L,240,93,34,76,44.7,6,27,22.2,19,23,82.6,9,29,38,23,9,2,17,26,-8
CHA,CHA vs. DET,02/27/2023,W,240,117,43,83,51.8,13,26,50.0,18,22,81.8,7,39,46,24,8,3,17,22,11
NYK,NYK vs. BOS,02/27/2023,W,240,109,37,78,47.4,12,31,38.7,23,34,67.6,7,37,44,20,6,3,15,11,15
BOS,BOS @ NYK,02/27/2023,L,240,94,37,84,44.0,9,42,21.4,11,14,78.6,7,28,35,21,5,8,12,22,-15
PHI,PHI vs. MIA,02/27/2023,L,240,99,32,73,43.8,10,27,37.0,25,28,89.3,9,30,39,20,7,3,20,24,-2
MIA,MIA @ PHI,02/27/2023,W,240,101,35,81,43.2,15,37,40.5,16,22,72.7,12,25,37,21,10,3,13,20,2
DET,DET @ CHA,02/27/2023,L,240,106,42,92,45.7,3,26,11.5,19,27,70.4,10,29,39,18,12,3,9,18,-11
PHX,PHX @ MIL,02/26/2023,L,240,101,40,95,42.1,8,24,33.3,13,22,59.1,19,36,55,21,4,5,12,22,-3
POR,POR vs. HOU,02/26/2023,W,240,131,42,77,54.5,20,39,51.3,27,35,77.1,6,31,37,20,7,7,14,21,17
HOU,HOU @ POR,02/26/2023,L,240,114,45,100,45.0,7,26,26.9,17,25,68.0,18,30,48,24,7,2,14,26,-17
CLE,CLE vs. TOR,02/26/2023,W,240,118,44,84,52.4,18,36,50.0,12,14,85.7,8,37,45,31,7,5,14,17,25
TOR,TOR @ CLE,02/26/2023,L,240,93,36,93,38.7,9,25,36.0,12,15,80.0,13,30,43,19,4,4,14,16,-25
OKC,OKC vs. SAC,02/26/2023,L,240,115,41,86,47.7,16,40,40.0,17,23,73.9,9,28,37,24,10,0,14,19,-9
SAC,SAC @ OKC,02/26/2023,W,240,124,45,85,52.9,18,43,41.9,16,24,66.7,13,35,48,32,7,1,20,21,9
DEN,DEN vs. LAC,02/26/2023,W,265,134,49,96,51.0,13,39,33.3,23,31,74.2,11,39,50,35,10,3,16,23,10
LAL,LAL @ DAL,02/26/2023,W,240,111,42,97,43.3,6,34,17.6,21,28,75.0,17,39,56,25,9,4,11,17,3
LAC,LAC @ DEN,02/26/2023,L,265,124,44,90,48.9,11,34,32.4,25,30,83.3,6,32,38,24,11,5,13,25,-10
MIL,MIL vs. PHX,02/26/2023,W,240,104,38,87,43.7,13,45,28.9,15,21,71.4,11,34,45,15,4,7,12,20,3
WAS,WAS @ CHI,02/26/2023,L,240,82,32,76,42.1,6,28,21.4,12,23,52.2,12,30,42,22,5,1,16,18,-20
CHI,CHI vs. WAS,02/26/2023,W,240,102,40,79,50.6,8,30,26.7,14,17,82.4,8,31,39,21,7,3,11,19,20
ATL,ATL vs. BKN,02/26/2023,W,240,129,45,90,50.0,16,30,53.3,23,28,82.1,13,33,46,20,7,2,16,18,2
BKN,BKN @ ATL,02/26/2023,L,240,127,43,87,49.4,14,39,35.9,27,29,93.1,6,31,37,20,12,6,10,21,-2
DAL,DAL vs. LAL,02/26/2023,L,240,108,39,93,41.9,20,49,40.8,10,14,71.4,11,37,48,21,5,5,17,24,-3
GSW,GSW vs. MIN,02/26/2023,W,240,109,39,91,42.9,15,42,35.7,16,22,72.7,16,40,56,23,11,5,18,19,5
MIN,MIN @ GSW,02/26/2023,L,240,104,38,90,42.2,17,45,37.8,11,21,52.4,10,33,43,26,11,8,16,18,-5
SAS,SAS @ UTA,02/25/2023,L,240,102,38,97,39.2,9,34,26.5,17,21,81.0,9,32,41,21,5,6,10,21,-16
DET,DET vs. TOR,02/25/2023,L,240,91,38,94,40.4,6,24,25.0,9,14,64.3,17,45,62,26,4,5,16,27,-4
TOR,TOR @ DET,02/25/2023,W,240,95,33,88,37.5,7,26,26.9,22,34,64.7,10,36,46,22,9,5,8,18,4
BOS,BOS @ PHI,02/25/2023,W,240,110,43,86,50.0,16,36,44.4,8,12,66.7,9,35,44,20,6,4,13,22,3
PHI,PHI vs. BOS,02/25/2023,L,240,107,35,78,44.9,9,27,33.3,28,35,80.0,8,34,42,19,8,3,10,13,-3
MEM,MEM vs. DEN,02/25/2023,W,240,112,45,95,47.4,15,44,34.1,7,8,87.5,11,39,50,25,10,3,12,13,18
DEN,DEN @ MEM,02/25/2023,L,240,94,36,89,40.4,11,37,29.7,11,14,78.6,11,37,48,22,4,4,15,13,-18
IND,IND @ ORL,02/25/2023,W,240,121,48,99,48.5,15,40,37.5,10,14,71.4,10,35,45,35,9,8,10,24,13
ORL,ORL vs. IND,02/25/2023,L,240,108,35,90,38.9,6,29,20.7,32,38,84.2,15,40,55,16,4,8,14,19,-13
CHA,CHA vs. MIA,02/25/2023,W,240,108,38,88,43.2,10,31,32.3,22,27,81.5,11,37,48,20,10,2,15,22,5
UTA,UTA vs. SAS,02/25/2023,W,240,118,43,92,46.7,10,28,35.7,22,28,78.6,15,41,56,29,5,11,16,16,16
MIA,MIA @ CHA,02/25/2023,L,240,103,32,80,40.0,11,36,30.6,28,34,82.4,7,35,42,24,7,3,18,25,-5
NOP,NOP @ NYK,02/25/2023,L,240,106,40,102,39.2,8,38,21.1,18,21,85.7,13,26,39,25,11,0,7,15,-22
NYK,NYK vs. NOP,02/25/2023,W,240,128,45,88,51.1,19,48,39.6,19,23,82.6,11,43,54,24,1,7,19,22,22
MIL,MIL vs. MIA,02/24/2023,W,240,128,47,98,48.0,19,46,41.3,15,19,78.9,10,47,57,27,6,1,12,18,29
MIA,MIA @ MIL,02/24/2023,L,240,99,36,92,39.1,9,40,22.5,18,25,72.0,9,36,45,21,5,5,10,17,-29
WAS,WAS vs. NYK,02/24/2023,L,240,109,39,79,49.4,19,44,43.2,12,12,100,3,31,34,25,6,6,19,20,-6
OKC,OKC @ PHX,02/24/2023,L,240,115,41,95,43.2,15,38,39.5,18,24,75.0,14,33,47,27,5,2,9,21,-9
ATL,ATL vs. CLE,02/24/2023,W,240,136,50,85,58.8,15,28,53.6,21,23,91.3,5,37,42,28,7,8,14,21,17
CLE,CLE @ ATL,02/24/2023,L,240,119,40,88,45.5,13,35,37.1,26,29,89.7,10,25,35,20,9,6,11,23,-17
LAC,LAC vs. SAC,02/24/2023,L,290,175,59,98,60.2,26,45,57.8,31,36,86.1,7,35,42,39,8,3,25,27,-1
CHI,CHI vs. BKN,02/24/2023,W,240,131,50,88,56.8,12,26,46.2,19,28,67.9,12,45,57,25,6,4,11,15,44
BKN,BKN @ CHI,02/24/2023,L,240,87,30,81,37.0,12,44,27.3,15,19,78.9,5,26,31,21,6,3,14,25,-44
SAC,SAC @ LAC,02/24/2023,W,290,176,65,111,58.6,18,41,43.9,28,35,80.0,12,31,43,33,18,3,15,28,1
GSW,GSW vs. HOU,02/24/2023,W,240,116,37,78,47.4,26,54,48.1,16,18,88.9,7,40,47,27,3,3,19,20,15
HOU,HOU @ GSW,02/24/2023,L,240,101,36,92,39.1,11,35,31.4,18,22,81.8,13,31,44,23,12,3,7,18,-15
CHA,CHA @ MIN,02/24/2023,W,240,121,43,92,46.7,10,28,35.7,25,28,89.3,11,41,52,25,10,4,11,17,8
PHX,PHX vs. OKC,02/24/2023,W,240,124,42,90,46.7,14,38,36.8,26,32,81.3,15,39,54,23,5,5,11,22,9
MIN,MIN vs. CHA,02/24/2023,L,240,113,46,93,49.5,11,33,33.3,10,16,62.5,7,38,45,25,6,11,16,20,-8
NYK,NYK @ WAS,02/24/2023,W,240,115,45,92,48.9,12,29,41.4,13,16,81.3,12,31,43,21,9,2,12,17,6
DEN,DEN @ CLE,02/23/2023,W,240,115,39,84,46.4,17,36,47.2,20,23,87.0,18,29,47,30,7,4,16,20,6
UTA,UTA vs. OKC,02/23/2023,W,265,120,42,100,42.0,13,48,27.1,23,27,85.2,17,41,58,26,8,10,22,29,1
OKC,OKC @ UTA,02/23/2023,L,265,119,45,112,40.2,8,37,21.6,21,27,77.8,20,34,54,23,8,3,11,23,-1
SAS,SAS @ DAL,02/23/2023,L,240,116,45,86,52.3,10,25,40.0,16,23,69.6,10,35,45,30,4,1,17,25,-26
CLE,CLE vs. DEN,02/23/2023,L,240,109,43,90,47.8,6,26,23.1,17,20,85.0,13,28,41,24,10,2,11,21,-6
DAL,DAL vs. SAS,02/23/2023,W,240,142,46,82,56.1,22,42,52.4,28,36,77.8,3,33,36,27,10,5,7,18,26
POR,POR @ SAC,02/23/2023,L,240,116,43,93,46.2,16,38,42.1,14,17,82.4,9,24,33,26,12,3,13,23,-17
GSW,GSW @ LAL,02/23/2023,L,240,111,40,105,38.1,14,49,28.6,17,21,81.0,17,31,48,24,10,3,10,23,-13
LAL,LAL vs. GSW,02/23/2023,W,240,124,42,86,48.8,16,30,53.3,24,34,70.6,10,48,58,30,8,3,16,20,13
BOS,BOS @ IND,02/23/2023,W,265,142,51,99,51.5,18,39,46.2,22,26,84.6,20,31,51,31,7,6,15,18,4
TOR,TOR vs. NOP,02/23/2023,W,240,115,43,92,46.7,9,31,29.0,20,25,80.0,11,37,48,17,10,5,12,20,5
SAC,SAC vs. POR,02/23/2023,W,240,133,47,85,55.3,14,34,41.2,25,31,80.6,12,37,49,27,9,4,18,16,17
NOP,NOP @ TOR,02/23/2023,L,240,110,39,84,46.4,13,30,43.3,19,25,76.0,6,37,43,23,6,2,13,19,-5
MEM,MEM @ PHI,02/23/2023,L,240,105,34,87,39.1,7,32,21.9,30,36,83.3,13,36,49,22,5,7,11,27,-5
PHI,PHI vs. MEM,02/23/2023,W,240,110,34,84,40.5,13,36,36.1,29,36,80.6,7,36,43,25,3,10,12,26,5
IND,IND vs. BOS,02/23/2023,L,265,138,49,94,52.1,22,49,44.9,18,22,81.8,10,27,37,33,10,5,15,23,-4
DET,DET @ ORL,02/23/2023,L,240,106,37,81,45.7,17,34,50.0,15,19,78.9,6,39,45,22,5,7,21,25,-2
ORL,ORL vs. DET,02/23/2023,W,240,108,39,95,41.1,12,31,38.7,18,23,78.3,12,34,46,27,7,6,14,19,2
MIN,MIN vs. WAS,02/16/2023,L,240,106,39,95,41.1,8,29,27.6,20,22,90.9,16,37,53,21,8,5,18,16,-8
WAS,WAS @ MIN,02/16/2023,W,240,114,43,95,45.3,14,35,40.0,14,17,82.4,13,36,49,25,13,6,16,14,8
PHX,PHX vs. LAC,02/16/2023,L,240,107,42,89,47.2,11,31,35.5,12,16,75.0,7,31,38,30,10,2,14,24,-9
LAC,LAC @ PHX,02/16/2023,W,240,116,40,82,48.8,11,34,32.4,25,27,92.6,8,35,43,29,8,2,14,19,9
CHI,CHI vs. MIL,02/16/2023,L,240,100,37,97,38.1,10,32,31.3,16,21,76.2,15,36,51,19,4,2,6,17,-12
MIL,MIL @ CHI,02/16/2023,W,240,112,40,88,45.5,18,47,38.3,14,18,77.8,9,43,52,24,4,7,9,16,12
MEM,MEM vs. UTA,02/15/2023,W,240,117,43,107,40.2,14,40,35.0,17,25,68.0,17,29,46,24,13,9,4,21,6
UTA,UTA @ MEM,02/15/2023,L,240,111,42,91,46.2,12,36,33.3,15,19,78.9,15,46,61,24,2,8,24,20,-6
OKC,OKC vs. HOU,02/15/2023,W,240,133,42,87,48.3,9,34,26.5,40,47,85.1,10,39,49,21,8,4,11,21,37
PHI,PHI vs. CLE,02/15/2023,W,240,118,39,78,50.0,13,27,48.1,27,29,93.1,8,30,38,24,7,4,12,22,6
DEN,DEN vs. DAL,02/15/2023,W,240,118,48,84,57.1,11,31,35.5,11,15,73.3,6,37,43,34,7,5,13,14,9
CLE,CLE @ PHI,02/15/2023,L,240,112,41,82,50.0,10,30,33.3,20,25,80.0,10,25,35,23,7,5,8,17,-6
DAL,DAL @ DEN,02/15/2023,L,240,109,39,84,46.4,14,39,35.9,17,20,85.0,6,25,31,25,8,3,12,13,-9
ATL,ATL vs. NYK,02/15/2023,L,240,101,40,97,41.2,5,26,19.2,16,21,76.2,8,32,40,25,6,7,5,18,-21
NOP,NOP @ LAL,02/15/2023,L,240,102,39,89,43.8,7,25,28.0,17,24,70.8,13,37,50,24,5,3,15,28,-18
LAL,LAL vs. NOP,02/15/2023,W,240,120,44,83,53.0,10,37,27.0,22,36,61.1,6,37,43,32,5,8,11,23,18
HOU,HOU @ OKC,02/15/2023,L,240,96,30,89,33.7,10,37,27.0,26,38,68.4,14,33,47,20,5,7,18,33,-37
CHA,CHA vs. SAS,02/15/2023,W,240,120,43,96,44.8,14,35,40.0,20,29,69.0,15,43,58,26,8,12,16,17,10
SAS,SAS @ CHA,02/15/2023,L,240,110,41,107,38.3,13,38,34.2,15,20,75.0,20,38,58,24,7,6,15,24,-10
IND,IND vs. CHI,02/15/2023,W,240,117,39,82,47.6,18,43,41.9,21,22,95.5,6,35,41,27,6,5,19,19,4
NYK,NYK @ ATL,02/15/2023,W,240,122,45,96,46.9,14,43,32.6,18,22,81.8,10,45,55,16,2,4,10,21,21
DET,DET @ BOS,02/15/2023,L,240,109,43,84,51.2,11,29,37.9,12,16,75.0,6,29,35,24,6,4,14,16,-18
BOS,BOS vs. DET,02/15/2023,W,240,127,49,92,53.3,21,45,46.7,8,10,80.0,8,35,43,30,10,5,11,18,18
MIA,MIA @ BKN,02/15/2023,L,240,105,38,83,45.8,8,28,28.6,21,29,72.4,12,29,41,19,4,3,8,18,-11
BKN,BKN vs. MIA,02/15/2023,W,240,116,41,77,53.2,17,39,43.6,17,20,85.0,5,31,36,26,3,5,11,27,11
CHI,CHI @ IND,02/15/2023,L,240,113,41,84,48.8,15,35,42.9,16,21,76.2,6,32,38,23,10,6,14,21,-4
BOS,BOS @ MIL,02/14/2023,L,265,125,46,99,46.5,17,50,34.0,16,20,80.0,8,36,44,28,8,1,13,26,-6
MIL,MIL vs. BOS,02/14/2023,W,265,131,43,90,47.8,18,42,42.9,27,35,77.1,10,42,52,29,6,3,19,23,6
LAC,LAC vs. GSW,02/14/2023,W,240,134,49,92,53.3,17,36,47.2,19,22,86.4,12,24,36,33,5,4,8,22,10
POR,POR vs. WAS,02/14/2023,L,240,101,36,86,41.9,12,42,28.6,17,24,70.8,12,25,37,20,9,5,12,19,-25
TOR,TOR vs. ORL,02/14/2023,W,240,123,50,83,60.2,8,24,33.3,15,20,75.0,13,27,40,31,9,11,20,16,10
ORL,ORL @ TOR,02/14/2023,L,240,113,43,84,51.2,13,31,41.9,14,18,77.8,9,20,29,26,6,2,19,17,-10
WAS,WAS @ POR,02/14/2023,W,240,126,45,79,57.0,17,33,51.5,19,22,86.4,5,39,44,28,5,2,16,17,25
GSW,GSW @ LAC,02/14/2023,L,240,124,45,83,54.2,15,34,44.1,19,27,70.4,8,28,36,28,2,1,11,22,-10
SAC,SAC @ PHX,02/14/2023,L,240,109,37,83,44.6,14,38,36.8,21,24,87.5,13,27,40,23,8,4,17,21,-11
PHX,PHX vs. SAC,02/14/2023,W,240,120,50,88,56.8,7,22,31.8,13,16,81.3,8,29,37,33,12,4,15,17,11
GSW,GSW vs. WAS,02/13/2023,W,240,135,52,89,58.4,20,40,50.0,11,15,73.3,11,23,34,40,10,0,16,19,9
WAS,WAS @ GSW,02/13/2023,L,240,126,48,80,60.0,12,28,42.9,18,21,85.7,9,24,33,26,10,3,17,15,-9
LAL,LAL @ POR,02/13/2023,L,240,115,42,95,44.2,12,37,32.4,19,21,90.5,14,42,56,24,6,5,13,16,-12
POR,POR vs. LAL,02/13/2023,W,240,127,46,97,47.4,23,47,48.9,12,13,92.3,8,34,42,27,7,9,7,15,12
MIN,MIN @ DAL,02/13/2023,W,240,124,48,83,57.8,9,29,31.0,19,26,73.1,10,29,39,28,8,2,12,26,3
CLE,CLE vs. SAS,02/13/2023,W,240,117,44,78,56.4,9,28,32.1,20,25,80.0,11,25,36,21,8,6,14,16,8
UTA,UTA @ IND,02/13/2023,W,240,123,43,85,50.6,15,33,45.5,22,25,88.0,11,35,46,24,5,3,19,17,6
DAL,DAL vs. MIN,02/13/2023,L,240,121,43,84,51.2,13,39,33.3,22,29,75.9,9,24,33,21,5,1,11,21,-3
ORL,ORL @ CHI,02/13/2023,W,240,100,38,81,46.9,8,27,29.6,16,19,84.2,7,35,42,24,8,6,18,19,9
CHI,CHI vs. ORL,02/13/2023,L,240,91,35,86,40.7,3,21,14.3,18,19,94.7,10,34,44,17,8,3,16,21,-9
IND,IND vs. UTA,02/13/2023,L,240,117,46,91,50.5,11,34,32.4,14,20,70.0,8,24,32,30,11,7,11,21,-6
SAS,SAS @ CLE,02/13/2023,L,240,109,43,85,50.6,8,21,38.1,15,20,75.0,11,24,35,27,10,1,18,21,-8
NOP,NOP @ OKC,02/13/2023,W,240,103,39,74,52.7,9,30,30.0,16,18,88.9,4,29,33,19,13,8,19,21,3
NYK,NYK vs. BKN,02/13/2023,W,240,124,45,82,54.9,15,34,44.1,19,26,73.1,6,32,38,18,4,3,8,24,18
BKN,BKN @ NYK,02/13/2023,L,240,106,35,78,44.9,12,29,41.4,24,33,72.7,10,29,39,18,3,3,10,19,-18
DEN,DEN @ MIA,02/13/2023,W,240,112,44,76,57.9,11,28,39.3,13,15,86.7,6,33,39,34,3,4,13,18,4
OKC,OKC vs. NOP,02/13/2023,L,240,100,38,90,42.2,9,33,27.3,15,18,83.3,14,29,43,20,8,3,17,17,-3
CHA,CHA vs. ATL,02/13/2023,W,240,144,53,84,63.1,20,37,54.1,18,23,78.3,3,32,35,36,5,5,17,19,6
ATL,ATL @ CHA,02/13/2023,L,240,138,53,108,49.1,11,28,39.3,21,21,100,16,26,42,26,9,4,12,15,-6
MIA,MIA vs. DEN,02/13/2023,L,240,108,39,89,43.8,12,35,34.3,18,20,90.0,9,25,34,25,9,4,9,14,-4
PHI,PHI vs. HOU,02/13/2023,W,240,123,46,82,56.1,15,34,44.1,16,17,94.1,7,31,38,26,11,7,16,24,19
HOU,HOU @ PHI,02/13/2023,L,240,104,35,86,40.7,6,24,25.0,28,31,90.3,15,27,42,17,10,2,17,15,-19
DET,DET @ TOR,02/12/2023,L,240,118,40,79,50.6,13,34,38.2,25,32,78.1,6,26,32,25,3,4,18,26,-1
TOR,TOR vs. DET,02/12/2023,W,240,119,42,87,48.3,11,30,36.7,24,36,66.7,13,27,40,21,5,8,8,26,1
MEM,MEM @ BOS,02/12/2023,L,240,109,42,84,50.0,12,34,35.3,13,21,61.9,3,31,34,24,4,5,8,22,-10
BOS,BOS vs. MEM,02/12/2023,W,240,119,39,88,44.3,21,51,41.2,20,26,76.9,15,40,55,28,5,3,11,14,10
NYK,NYK vs. UTA,02/11/2023,W,240,126,43,95,45.3,12,36,33.3,28,38,73.7,20,32,52,18,6,4,6,24,6
GSW,GSW vs. LAL,02/11/2023,L,240,103,40,96,41.7,12,44,27.3,11,12,91.7,7,36,43,31,11,6,16,21,-6
LAL,LAL @ GSW,02/11/2023,W,240,109,40,89,44.9,8,25,32.0,21,26,80.8,10,42,52,19,4,4,16,12,6
PHI,PHI @ BKN,02/11/2023,W,240,101,33,75,44.0,6,23,26.1,29,30,96.7,8,33,41,17,4,3,12,12,3
BKN,BKN vs. PHI,02/11/2023,L,240,98,37,92,40.2,13,40,32.5,11,13,84.6,12,30,42,23,7,6,9,20,-3
CHI,CHI @ CLE,02/11/2023,L,240,89,36,74,48.6,5,21,23.8,12,15,80.0,6,38,44,27,7,3,23,22,-8
DAL,DAL @ SAC,02/11/2023,L,265,128,47,91,51.6,20,51,39.2,14,19,73.7,7,36,43,27,4,4,16,19,-5
SAC,SAC vs. DAL,02/11/2023,W,265,133,51,100,51.0,8,32,25.0,23,25,92.0,11,39,50,22,9,0,7,17,5
UTA,UTA @ NYK,02/11/2023,L,240,120,45,88,51.1,9,32,28.1,21,28,75.0,11,27,38,23,3,7,12,24,-6
ORL,ORL vs. MIA,02/11/2023,L,265,103,37,87,42.5,11,29,37.9,18,23,78.3,12,32,44,22,12,5,18,24,-4
CHA,CHA vs. DEN,02/11/2023,L,240,105,40,85,47.1,8,32,25.0,17,29,58.6,5,32,37,25,11,8,14,18,-14
SAS,SAS @ ATL,02/11/2023,L,240,106,40,94,42.6,11,37,29.7,15,17,88.2,14,35,49,25,9,5,20,17,-19
CLE,CLE vs. CHI,02/11/2023,W,240,97,36,86,41.9,9,35,25.7,16,19,84.2,10,29,39,26,9,4,13,15,8
ATL,ATL vs. SAS,02/11/2023,W,240,125,50,103,48.5,10,26,38.5,15,19,78.9,14,34,48,29,9,6,10,10,19
IND,IND @ WAS,02/11/2023,L,240,113,43,95,45.3,14,40,35.0,13,17,76.5,17,16,33,27,8,3,8,18,-14
WAS,WAS vs. IND,02/11/2023,W,240,127,48,75,64.0,12,26,46.2,19,22,86.4,8,32,40,32,5,7,18,16,14
DEN,DEN @ CHA,02/11/2023,W,240,119,50,99,50.5,5,23,21.7,14,17,82.4,14,37,51,35,7,5,14,20,14
MIA,MIA @ ORL,02/11/2023,W,265,107,37,85,43.5,12,39,30.8,21,23,91.3,11,35,46,24,7,6,20,22,4
IND,IND vs. PHX,02/10/2023,L,240,104,36,85,42.4,11,39,28.2,21,28,75.0,11,27,38,23,9,3,15,16,-13
UTA,UTA @ TOR,02/10/2023,W,240,122,47,87,54.0,6,24,25.0,22,29,75.9,9,37,46,31,6,6,17,20,6
TOR,TOR vs. UTA,02/10/2023,L,240,116,41,91,45.1,12,34,35.3,22,30,73.3,9,31,40,28,11,3,13,30,-6
DET,DET vs. SAS,02/10/2023,W,290,138,46,107,43.0,7,37,18.9,39,49,79.6,21,41,62,29,6,5,16,29,7
PHX,PHX @ IND,02/10/2023,W,240,117,43,93,46.2,10,33,30.3,21,24,87.5,19,34,53,25,13,2,17,24,13
PHI,PHI vs. NYK,02/10/2023,W,240,119,44,84,52.4,14,38,36.8,17,22,77.3,6,34,40,27,8,2,8,15,11
SAS,SAS @ DET,02/10/2023,L,290,131,45,107,42.1,14,42,33.3,27,34,79.4,13,38,51,21,7,3,19,32,-7
LAC,LAC vs. MIL,02/10/2023,L,240,106,42,85,49.4,11,33,33.3,11,14,78.6,3,32,35,17,5,7,10,12,-13
MIL,MIL @ LAC,02/10/2023,W,240,119,45,90,50.0,17,39,43.6,12,16,75.0,9,40,49,28,8,4,11,13,13
NYK,NYK @ PHI,02/10/2023,L,240,108,43,81,53.1,11,32,34.4,11,16,68.8,4,31,35,23,1,5,12,17,-11
MEM,MEM vs. MIN,02/10/2023,W,240,128,49,84,58.3,10,25,40.0,20,27,74.1,9,35,44,27,12,6,19,19,21
OKC,OKC @ POR,02/10/2023,W,240,138,47,83,56.6,12,24,50.0,32,35,91.4,10,19,29,29,9,3,11,26,9
POR,POR vs. OKC,02/10/2023,L,240,129,42,76,55.3,16,40,40.0,29,31,93.5,9,23,32,29,3,5,20,27,-9
SAC,SAC vs. DAL,02/10/2023,L,240,114,39,72,54.2,9,27,33.3,27,32,84.4,5,33,38,21,2,4,14,19,-8
DAL,DAL @ SAC,02/10/2023,W,240,122,43,88,48.9,18,43,41.9,18,19,94.7,11,28,39,34,4,0,12,19,8
CLE,CLE @ NOP,02/10/2023,W,240,118,48,85,56.5,10,28,35.7,12,15,80.0,12,29,41,28,9,5,14,22,11
MIN,MIN @ MEM,02/10/2023,L,240,107,41,88,46.6,15,37,40.5,10,12,83.3,7,28,35,25,7,4,18,20,-21
HOU,HOU @ MIA,02/10/2023,L,240,95,35,84,41.7,7,30,23.3,18,24,75.0,10,37,47,23,11,4,18,21,-2
NOP,NOP vs. CLE,02/10/2023,L,240,107,39,82,47.6,9,24,37.5,20,25,80.0,11,23,34,25,8,3,14,18,-11
CHA,CHA @ BOS,02/10/2023,L,240,116,45,93,48.4,8,23,34.8,18,26,69.2,11,36,47,26,9,6,13,18,-11
BOS,BOS vs. CHA,02/10/2023,W,240,127,44,89,49.4,25,55,45.5,14,17,82.4,5,38,43,34,7,7,15,22,11
MIA,MIA vs. HOU,02/10/2023,W,240,97,32,77,41.6,12,38,31.6,21,22,95.5,6,34,40,21,11,6,17,23,2
CHI,CHI @ BKN,02/09/2023,L,240,105,42,91,46.2,5,26,19.2,16,21,76.2,8,38,46,15,4,2,12,16,-11
DEN,DEN @ ORL,02/09/2023,L,240,104,39,84,46.4,10,33,30.3,16,24,66.7,7,32,39,24,6,5,16,15,-11
ORL,ORL vs. DEN,02/09/2023,W,240,115,47,97,48.5,9,27,33.3,12,19,63.2,15,32,47,24,12,6,10,16,11
ATL,ATL vs. PHX,02/09/2023,W,240,116,43,95,45.3,10,29,34.5,20,27,74.1,20,39,59,23,6,4,19,22,9
PHX,PHX @ ATL,02/09/2023,L,240,107,39,86,45.3,7,30,23.3,22,29,75.9,9,26,35,24,14,10,11,19,-9
BKN,BKN vs. CHI,02/09/2023,W,240,116,39,91,42.9,17,44,38.6,21,25,84.0,11,38,49,26,8,1,11,20,11
MIL,MIL @ LAL,02/09/2023,W,240,115,45,99,45.5,12,47,25.5,13,18,72.2,16,35,51,24,5,7,11,20,9
LAL,LAL vs. MIL,02/09/2023,L,240,106,42,89,47.2,7,18,38.9,15,21,71.4,11,32,43,23,2,2,12,19,-9
SAS,SAS @ TOR,02/08/2023,L,240,98,35,87,40.2,9,32,28.1,19,27,70.4,7,32,39,24,11,4,16,18,-14
WAS,WAS vs. CHA,02/08/2023,W,240,118,44,87,50.6,15,37,40.5,15,17,88.2,11,41,52,29,4,12,17,17,14
CHA,CHA @ WAS,02/08/2023,L,240,104,39,93,41.9,9,31,29.0,17,21,81.0,12,28,40,23,11,5,7,17,-14
LAC,LAC vs. DAL,02/08/2023,L,240,104,38,86,44.2,12,33,36.4,16,21,76.2,9,31,40,21,10,4,11,18,-6
PHI,PHI @ BOS,02/08/2023,L,240,99,37,83,44.6,10,31,32.3,15,20,75.0,8,29,37,20,9,3,7,16,-7
BOS,BOS vs. PHI,02/08/2023,W,240,106,40,76,52.6,19,35,54.3,7,10,70.0,5,39,44,25,2,5,15,19,7
DAL,DAL @ LAC,02/08/2023,W,240,110,41,78,52.6,17,35,48.6,11,17,64.7,8,36,44,26,7,6,18,20,6
CLE,CLE vs. DET,02/08/2023,W,240,113,43,87,49.4,6,26,23.1,21,25,84.0,13,37,50,30,8,4,13,16,28
DET,DET @ CLE,02/08/2023,L,240,85,30,81,37.0,8,32,25.0,17,18,94.4,9,23,32,19,8,6,14,21,-28
IND,IND @ MIA,02/08/2023,L,240,111,38,78,48.7,15,33,45.5,20,28,71.4,5,26,31,24,3,5,11,25,-5
MIA,MIA vs. IND,02/08/2023,W,240,116,37,79,46.8,6,19,31.6,36,39,92.3,15,33,48,21,7,3,13,22,5
TOR,TOR vs. SAS,02/08/2023,W,240,112,43,88,48.9,10,28,35.7,16,21,76.2,9,42,51,21,11,7,17,19,14
MIN,MIN @ UTA,02/08/2023,W,240,143,56,98,57.1,23,43,53.5,8,8,100,8,39,47,35,6,6,11,19,25
UTA,UTA vs. MIN,02/08/2023,L,240,118,44,105,41.9,12,34,35.3,18,21,85.7,21,29,50,27,2,5,8,12,-25
GSW,GSW @ POR,02/08/2023,L,240,122,46,97,47.4,21,49,42.9,9,10,90.0,10,22,32,31,11,2,11,24,-3
POR,POR vs. GSW,02/08/2023,W,240,125,43,78,55.1,8,27,29.6,31,32,96.9,12,35,47,25,6,3,21,16,3
SAC,SAC @ HOU,02/08/2023,W,240,130,46,92,50.0,10,30,33.3,28,30,93.3,10,21,31,29,10,4,9,15,2
HOU,HOU vs. SAC,02/08/2023,L,240,128,47,86,54.7,10,22,45.5,24,28,85.7,15,29,44,25,4,7,19,21,-2
OKC,OKC @ LAL,02/07/2023,W,240,133,49,94,52.1,17,34,50.0,18,20,90.0,7,30,37,32,12,2,13,18,3
NOP,NOP vs. ATL,02/07/2023,W,240,116,45,91,49.5,12,32,37.5,14,21,66.7,13,34,47,28,8,2,10,19,9
CHI,CHI @ MEM,02/07/2023,L,240,89,32,87,36.8,7,35,20.0,18,27,66.7,11,38,49,24,9,3,20,16,-15
NYK,NYK @ ORL,02/07/2023,W,240,102,37,81,45.7,15,43,34.9,13,19,68.4,11,32,43,21,6,2,11,22,4
MEM,MEM vs. CHI,02/07/2023,W,240,104,39,81,48.1,11,33,33.3,15,21,71.4,5,34,39,22,10,7,14,21,15
ATL,ATL @ NOP,02/07/2023,L,240,107,38,85,44.7,12,36,33.3,19,25,76.0,10,31,41,30,4,6,12,21,-9
PHX,PHX @ BKN,02/07/2023,W,240,116,43,92,46.7,9,31,29.0,21,28,75.0,16,32,48,31,10,4,15,24,4
BKN,BKN vs. PHX,02/07/2023,L,240,112,38,79,48.1,9,28,32.1,27,31,87.1,5,31,36,25,11,2,17,21,-4
ORL,ORL vs. NYK,02/07/2023,L,240,98,37,79,46.8,6,25,24.0,18,24,75.0,9,32,41,23,4,4,11,19,-4
DEN,DEN vs. MIN,02/07/2023,W,240,146,58,93,62.4,13,27,48.1,17,22,77.3,6,38,44,44,12,5,11,21,34
MIN,MIN @ DEN,02/07/2023,L,240,112,40,85,47.1,10,35,28.6,22,26,84.6,8,28,36,24,6,7,17,16,-34
LAL,LAL vs. OKC,02/07/2023,L,240,130,49,85,57.6,14,31,45.2,18,26,69.2,6,35,41,27,8,3,21,19,-3
DAL,DAL @ UTA,02/06/2023,W,240,124,41,88,46.6,15,39,38.5,27,31,87.1,17,32,49,26,6,4,14,25,13
UTA,UTA vs. DAL,02/06/2023,L,240,111,41,87,47.1,6,31,19.4,23,26,88.5,10,27,37,21,4,4,13,23,-13
HOU,HOU vs. SAC,02/06/2023,L,240,120,44,88,50.0,13,32,40.6,19,24,79.2,11,28,39,27,5,4,14,15,-20
BOS,BOS @ DET,02/06/2023,W,240,111,39,83,47.0,16,37,43.2,17,21,81.0,10,41,51,25,2,5,12,22,12
DET,DET vs. BOS,02/06/2023,L,240,99,37,87,42.5,9,33,27.3,16,21,76.2,9,33,42,22,9,6,9,20,-12
SAC,SAC @ HOU,02/06/2023,W,240,140,52,89,58.4,21,41,51.2,15,18,83.3,7,28,35,38,9,5,10,22,20
CLE,CLE @ WAS,02/06/2023,W,240,114,44,78,56.4,12,29,41.4,14,20,70.0,7,36,43,26,9,6,17,15,23
WAS,WAS vs. CLE,02/06/2023,L,240,91,35,82,42.7,6,28,21.4,15,19,78.9,7,30,37,20,8,5,14,18,-23
SAS,SAS @ CHI,02/06/2023,L,240,104,40,90,44.4,8,26,30.8,16,17,94.1,6,32,38,25,7,3,18,23,-24
OKC,OKC @ GSW,02/06/2023,L,240,114,44,91,48.4,11,32,34.4,15,21,71.4,7,29,36,21,8,3,11,10,-27
GSW,GSW vs. OKC,02/06/2023,W,240,141,56,97,57.7,26,50,52.0,3,7,42.9,11,34,45,43,6,3,16,17,27
CHI,CHI vs. SAS,02/06/2023,W,240,128,50,89,56.2,6,22,27.3,22,25,88.0,7,42,49,27,10,6,14,12,24
BKN,BKN vs. LAC,02/06/2023,L,240,116,41,84,48.8,16,31,51.6,18,22,81.8,8,34,42,21,4,5,16,26,-8
MIL,MIL @ POR,02/06/2023,W,240,127,47,87,54.0,16,42,38.1,17,21,81.0,7,48,55,27,4,2,16,27,19
POR,POR vs. MIL,02/06/2023,L,240,108,37,91,40.7,9,36,25.0,25,29,86.2,1,27,28,23,5,2,9,20,-19
LAC,LAC @ BKN,02/06/2023,W,240,124,44,92,47.8,12,30,40.0,24,30,80.0,11,35,46,20,11,5,9,19,8
IND,IND vs. CLE,02/05/2023,L,240,103,40,92,43.5,8,32,25.0,15,22,68.2,12,30,42,28,3,6,13,20,-19
CLE,CLE @ IND,02/05/2023,W,240,122,46,88,52.3,15,37,40.5,15,16,93.8,8,38,46,33,7,5,13,20,19
NOP,NOP vs. SAC,02/05/2023,W,240,136,48,85,56.5,14,26,53.8,26,34,76.5,12,36,48,26,11,3,11,23,32
SAC,SAC @ NOP,02/05/2023,L,240,104,35,82,42.7,11,42,26.2,23,27,85.2,11,27,38,23,5,5,15,22,-32
CHA,CHA vs. ORL,02/05/2023,L,240,113,45,83,54.2,12,33,36.4,11,23,47.8,8,31,39,28,8,6,15,23,-6
ORL,ORL @ CHA,02/05/2023,W,240,119,42,91,46.2,8,23,34.8,27,30,90.0,18,34,52,25,6,2,12,18,6
MIN,MIN vs. DEN,02/05/2023,W,240,128,48,87,55.2,10,27,37.0,22,30,73.3,5,29,34,33,7,3,11,23,30
DEN,DEN @ MIN,02/05/2023,L,240,98,34,71,47.9,6,25,24.0,24,31,77.4,3,34,37,19,6,5,22,23,-30
PHI,PHI @ NYK,02/05/2023,L,240,97,30,74,40.5,7,25,28.0,30,36,83.3,8,36,44,23,4,4,12,23,-11
NYK,NYK vs. PHI,02/05/2023,W,240,108,34,79,43.0,12,36,33.3,28,39,71.8,14,35,49,21,5,1,12,28,11
TOR,TOR @ MEM,02/05/2023,W,240,106,44,101,43.6,11,36,30.6,7,12,58.3,11,31,42,24,11,3,11,16,3
MEM,MEM vs. TOR,02/05/2023,L,240,103,38,78,48.7,10,27,37.0,17,23,73.9,8,36,44,25,10,9,20,16,-3
DAL,DAL @ GSW,02/04/2023,L,240,113,39,85,45.9,14,40,35.0,21,27,77.8,10,29,39,22,9,1,14,18,-6
PHX,PHX @ DET,02/04/2023,W,240,116,42,75,56.0,11,23,47.8,21,31,67.7,10,36,46,34,10,2,17,23,16
DET,DET vs. PHX,02/04/2023,L,240,100,35,81,43.2,16,42,38.1,14,22,63.6,9,21,30,23,8,2,16,27,-16
GSW,GSW vs. DAL,02/04/2023,W,240,119,45,82,54.9,14,35,40.0,15,19,78.9,5,33,38,33,6,5,14,24,6
LAL,LAL @ NOP,02/04/2023,L,240,126,45,94,47.9,11,32,34.4,25,33,75.8,13,31,44,30,4,3,9,20,-5
CHI,CHI vs. POR,02/04/2023,W,240,129,48,80,60.0,12,26,46.2,21,25,84.0,6,35,41,32,6,3,12,19,8
POR,POR @ CHI,02/04/2023,L,240,121,44,87,50.6,14,43,32.6,19,21,90.5,7,26,33,22,3,3,9,19,-8
WAS,WAS @ BKN,02/04/2023,L,240,123,39,81,48.1,13,28,46.4,32,41,78.0,6,33,39,22,10,3,16,21,-2
BKN,BKN vs. WAS,02/04/2023,W,240,125,43,86,50.0,14,33,42.4,25,28,89.3,10,29,39,21,4,10,15,28,2
MIL,MIL vs. MIA,02/04/2023,W,240,123,46,88,52.3,14,40,35.0,17,28,60.7,10,41,51,23,6,4,12,14,8
MIA,MIA @ MIL,02/04/2023,L,240,115,45,101,44.6,8,31,25.8,17,21,81.0,13,31,44,23,9,2,7,23,-8
NOP,NOP vs. LAL,02/04/2023,W,240,131,52,100,52.0,9,30,30.0,18,20,90.0,14,34,48,28,6,0,11,22,5
ATL,ATL @ DEN,02/04/2023,L,240,108,44,91,48.4,6,20,30.0,14,17,82.4,10,33,43,26,7,7,16,18,-20
DEN,DEN vs. ATL,02/04/2023,W,240,128,48,95,50.5,15,38,39.5,17,20,85.0,12,36,48,32,14,6,13,15,20
NYK,NYK vs. LAC,02/04/2023,L,265,128,45,94,47.9,18,40,45.0,20,26,76.9,10,36,46,30,6,3,10,30,-6
LAC,LAC @ NYK,02/04/2023,W,265,134,44,92,47.8,16,37,43.2,30,35,85.7,9,37,46,24,8,4,13,20,6
TEAM,MATCH UP,GAME DATE,W/L,MIN,PTS,FGM,FGA,FG%,3PM,3PA,3P%,FTM,FTA,FT%,OREB,DREB,REB,AST,STL,BLK,TOV,PF,+/-
PHI,PHI @ NYK,02/05/2023,L,240,97,30,74,40.5,7,25,28.0,30,36,83.3,8,36,44,23,4,4,12,23,-11
SAC,SAC @ NOP,02/05/2023,L,240,104,35,82,42.7,11,42,26.2,23,27,85.2,11,27,38,23,5,5,15,22,-32
NOP,NOP vs. SAC,02/05/2023,W,240,136,48,85,56.5,14,26,53.8,26,34,76.5,12,36,48,26,11,3,11,23,32
MIN,MIN vs. DEN,02/05/2023,W,240,128,48,87,55.2,10,27,37.0,22,30,73.3,5,29,34,33,7,3,11,23,30
CHA,CHA vs. ORL,02/05/2023,L,240,113,45,83,54.2,12,33,36.4,11,23,47.8,8,31,39,28,8,6,15,23,-6
DEN,DEN @ MIN,02/05/2023,L,240,98,34,71,47.9,6,25,24.0,24,31,77.4,3,34,37,19,6,5,22,23,-30
MEM,MEM vs. TOR,02/05/2023,L,240,103,38,78,48.7,10,27,37.0,17,23,73.9,8,36,44,25,10,9,20,16,-3
TOR,TOR @ MEM,02/05/2023,W,240,106,44,101,43.6,11,36,30.6,7,12,58.3,11,31,42,24,11,3,11,16,3
CLE,CLE @ IND,02/05/2023,W,240,122,46,88,52.3,15,37,40.5,15,16,93.8,8,38,46,33,7,5,13,20,19
IND,IND vs. CLE,02/05/2023,L,240,103,40,92,43.5,8,32,25.0,15,22,68.2,12,30,42,28,3,6,13,20,-19
NOP,NOP vs. LAL,02/04/2023,W,240,131,52,100,52.0,9,30,30.0,18,20,90.0,14,34,48,28,6,0,11,22,5
HOU,HOU @ OKC,02/04/2023,L,240,121,45,89,50.6,10,30,33.3,21,27,77.8,9,25,34,29,4,8,16,18,-32
MIA,MIA @ MIL,02/04/2023,L,240,115,45,101,44.6,8,31,25.8,17,21,81.0,13,31,44,23,9,2,7,23,-8
OKC,OKC vs. HOU,02/04/2023,W,240,153,56,97,57.7,21,46,45.7,20,23,87.0,9,33,42,39,11,6,9,19,32
ATL,ATL @ DEN,02/04/2023,L,240,108,44,91,48.4,6,20,30.0,14,17,82.4,10,33,43,26,7,7,16,18,-20
DEN,DEN vs. ATL,02/04/2023,W,240,128,48,95,50.5,15,38,39.5,17,20,85.0,12,36,48,32,14,6,13,15,20
DET,DET vs. PHX,02/04/2023,L,240,100,35,81,43.2,16,42,38.1,14,22,63.6,9,21,30,23,8,2,16,27,-16
MIL,MIL vs. MIA,02/04/2023,W,240,123,46,88,52.3,14,40,35.0,17,28,60.7,10,41,51,23,6,4,12,14,8
NYK,NYK vs. LAC,02/04/2023,L,265,128,45,94,47.9,18,40,45.0,20,26,76.9,10,36,46,30,6,3,10,30,-6
LAC,LAC @ NYK,02/04/2023,W,265,134,44,92,47.8,16,37,43.2,30,35,85.7,9,37,46,24,8,4,13,20,6
POR,POR @ CHI,02/04/2023,L,240,121,44,87,50.6,14,43,32.6,19,21,90.5,7,26,33,22,3,3,9,19,-8
CHI,CHI vs. POR,02/04/2023,W,240,129,48,80,60.0,12,26,46.2,21,25,84.0,6,35,41,32,6,3,12,19,8
WAS,WAS @ BKN,02/04/2023,L,240,123,39,81,48.1,13,28,46.4,32,41,78.0,6,33,39,22,10,3,16,21,-2
LAL,LAL @ NOP,02/04/2023,L,240,126,45,94,47.9,11,32,34.4,25,33,75.8,13,31,44,30,4,3,9,20,-5
DAL,DAL @ GSW,02/04/2023,L,240,113,39,85,45.9,14,40,35.0,21,27,77.8,10,29,39,22,9,1,14,18,-6
GSW,GSW vs. DAL,02/04/2023,W,240,119,45,82,54.9,14,35,40.0,15,19,78.9,5,33,38,33,6,5,14,24,6
BKN,BKN vs. WAS,02/04/2023,W,240,125,43,86,50.0,14,33,42.4,25,28,89.3,10,29,39,21,4,10,15,28,2
PHX,PHX @ DET,02/04/2023,W,240,116,42,75,56.0,11,23,47.8,21,31,67.7,10,36,46,34,10,2,17,23,16
POR,POR @ WAS,02/03/2023,W,240,124,43,88,48.9,17,41,41.5,21,23,91.3,11,27,38,25,5,2,7,17,8
TOR,TOR @ HOU,02/03/2023,W,240,117,41,90,45.6,15,39,38.5,20,27,74.1,13,30,43,21,9,7,9,25,6
WAS,WAS vs. POR,02/03/2023,L,240,116,42,84,50.0,12,33,36.4,20,22,90.9,9,32,41,27,4,3,11,19,-8
HOU,HOU vs. TOR,02/03/2023,L,240,111,40,80,50.0,7,21,33.3,24,33,72.7,6,34,40,22,5,4,13,26,-6
SAC,SAC @ IND,02/03/2023,L,240,104,37,86,43.0,13,38,34.2,17,20,85.0,11,38,49,24,6,5,20,15,-3
MIN,MIN vs. ORL,02/03/2023,L,240,120,40,87,46.0,16,44,36.4,24,28,85.7,12,29,41,21,7,7,20,27,-7
SAS,SAS vs. PHI,02/03/2023,L,240,125,52,89,58.4,7,21,33.3,14,15,93.3,9,26,35,32,8,0,18,25,-12
PHI,PHI @ SAS,02/03/2023,W,240,137,46,87,52.9,13,27,48.1,32,41,78.0,14,25,39,28,11,3,11,13,12
DET,DET vs. CHA,02/03/2023,W,240,118,44,86,51.2,14,32,43.8,16,23,69.6,12,39,51,27,7,3,23,22,6
CHA,CHA @ DET,02/03/2023,L,240,112,40,90,44.4,9,34,26.5,23,30,76.7,8,29,37,22,16,2,14,20,-6
IND,IND vs. SAC,02/03/2023,W,240,107,40,89,44.9,17,41,41.5,10,14,71.4,9,38,47,28,13,5,18,18,3
ORL,ORL @ MIN,02/03/2023,W,240,127,45,85,52.9,12,23,52.2,25,38,65.8,13,29,42,23,11,3,17,24,7
BOS,BOS vs. PHX,02/03/2023,L,240,94,29,75,38.7,10,38,26.3,26,31,83.9,3,40,43,18,5,3,15,21,-12
PHX,PHX @ BOS,02/03/2023,W,240,106,41,95,43.2,12,32,37.5,12,14,85.7,10,43,53,28,6,6,9,22,12
UTA,UTA vs. ATL,02/03/2023,L,240,108,41,91,45.1,13,44,29.5,13,18,72.2,13,37,50,20,4,2,15,22,-7
ATL,ATL @ UTA,02/03/2023,W,240,115,44,95,46.3,10,37,27.0,17,23,73.9,14,38,52,28,8,5,9,18,7
DAL,DAL vs. NOP,02/02/2023,W,240,111,37,85,43.5,14,41,34.1,23,29,79.3,6,30,36,16,10,3,8,24,5
NYK,NYK vs. MIA,02/02/2023,W,240,106,40,83,48.2,12,36,33.3,14,18,77.8,11,33,44,25,8,0,18,17,2
MIA,MIA @ NYK,02/02/2023,L,240,104,39,87,44.8,13,36,36.1,13,16,81.3,9,24,33,24,8,3,11,15,-2
LAL,LAL @ IND,02/02/2023,W,240,112,42,92,45.7,6,22,27.3,22,31,71.0,13,38,51,29,8,5,13,10,1
MIL,MIL vs. LAC,02/02/2023,W,240,106,39,90,43.3,9,37,24.3,19,27,70.4,8,45,53,16,2,0,10,17,1
NOP,NOP @ DAL,02/02/2023,L,240,106,42,84,50.0,5,20,25.0,17,21,81.0,12,38,50,27,6,5,17,26,-5
